ansatz,loss_type,run,seed,final_loss,infidelity,energy,n_params,initial_loss,elapsed_s
trotter,overlap,1,20260916,4.7739590058881731e-14,4.7739590058881731e-14,-6.565793293876423,114,0.3585696517266902,20.082496881484985
trotter,overlap,2,20260917,5.6843418860808015e-14,5.6843418860808015e-14,-6.5657932938761618,114,0.3585696517266902,2.2555530071258545
trotter,overlap,3,20260918,2.4646951146678475e-14,2.4646951146678475e-14,-6.5657932938769674,114,0.3585696517266902,2.3172831535339355
trotter,overlap,4,20260919,1.7763568394002505e-14,1.7763568394002505e-14,-6.5657932938770651,114,0.3585696517266902,2.7574779987335205
trotter,overlap,5,20260920,5.2846615972157451e-14,5.2846615972157451e-14,-6.5657932938762382,114,0.3585696517266902,2.4876761436462402
trotter,overlap,6,20260921,4.3298697960381105e-14,4.3298697960381105e-14,-6.5657932938764727,114,0.3585696517266902,2.3200201988220215
trotter,overlap,7,20260922,8.9261931179862586e-14,8.9261931179862586e-14,-6.5657932938754815,114,0.3585696517266902,2.4318408966064453
trotter,overlap,8,20260923,3.8413716652030416e-14,3.8413716652030416e-14,-6.5657932938765979,114,0.3585696517266902,2.9465658664703369
trotter,overlap,9,20260924,7.815970093361102e-14,7.815970093361102e-14,-6.5657932938756272,114,0.3585696517266902,2.3454899787902832
trotter,overlap,10,20260925,1.9761969838327786e-14,1.9761969838327786e-14,-6.5657932938770331,114,0.3585696517266902,2.5557920932769775
trotter,overlap,11,20260926,3.0420110874729289e-14,3.0420110874729289e-14,-6.5657932938767827,114,0.3585696517266902,20.093801021575928
trotter,overlap,12,20260927,8.9483975784787617e-14,8.9483975784787617e-14,-6.5657932938753953,114,0.3585696517266902,2.2297821044921875
trotter,overlap,13,20260928,1.3633538742396922e-13,1.3633538742396922e-13,-6.5657932938741421,114,0.3585696517266902,1.8309957981109619
trotter,overlap,14,20260929,9.3258734068513149e-15,9.3258734068513149e-15,-6.5657932938772401,114,0.3585696517266902,2.3928959369659424
trotter,overlap,15,20260930,1.0635936575909e-13,1.0635936575909e-13,-6.5657932938751724,114,0.3585696517266902,2.3145411014556885
trotter,overlap,16,20260931,6.9277916736609768e-14,6.9277916736609768e-14,-6.5657932938759656,114,0.3585696517266902,2.656001091003418
trotter,overlap,17,20260932,1.5187850976872141e-13,1.5187850976872141e-13,-6.5657932938738064,114,0.3585696517266902,2.1433191299438477
trotter,overlap,18,20260933,2.4868995751603507e-14,2.4868995751603507e-14,-6.5657932938769621,114,0.3585696517266902,2.8332931995391846
trotter,overlap,19,20260934,1.1302070390684094e-13,1.1302070390684094e-13,-6.565793293875033,114,0.3585696517266902,2.1436920166015625
trotter,overlap,20,20260935,8.4154905266586866e-14,8.4154905266586866e-14,-6.5657932938755783,114,0.3585696517266902,2.8040070533752441
trotter,overlap,21,20260936,2.2648549702353193e-14,2.2648549702353193e-14,-6.5657932938769203,114,0.3585696517266902,19.570167064666748
trotter,overlap,22,20260937,1.3566925360919413e-13,1.3566925360919413e-13,-6.5657932938745045,114,0.3585696517266902,2.4971480369567871
trotter,overlap,23,20260938,2.3092638912203256e-14,2.3092638912203256e-14,-6.565793293876971,114,0.3585696517266902,1.8977799415588379
trotter,overlap,24,20260939,7.7937656328685989e-14,7.7937656328685989e-14,-6.5657932938756938,114,0.3585696517266902,2.2716200351715088
trotter,overlap,25,20260940,1.2589929099249275e-13,1.2589929099249275e-13,-6.5657932938746129,114,0.3585696517266902,2.3866498470306396
trotter,overlap,26,20260941,3.9745984281580604e-14,3.9745984281580604e-14,-6.5657932938765873,114,0.3585696517266902,2.2340719699859619
trotter,overlap,27,20260942,8.7929663550312398e-14,8.7929663550312398e-14,-6.5657932938753225,114,0.3585696517266902,2.6683559417724609
trotter,overlap,28,20260943,2.5313084961453569e-14,2.5313084961453569e-14,-6.5657932938769115,114,0.3585696517266902,2.4729049205780029
trotter,overlap,29,20260944,9.0816243414337805e-14,9.0816243414337805e-14,-6.5657932938754913,114,0.3585696517266902,2.2033729553222656
trotter,overlap,30,20260945,6.1728400169158704e-14,6.1728400169158704e-14,-6.5657932938760526,114,0.3585696517266902,2.1885030269622803
trotter,overlap,31,20260946,2.9976021664879227e-14,2.9976021664879227e-14,-6.5657932938768253,114,0.3585696517266902,19.957735061645508
trotter,overlap,32,20260947,2.5091040356528538e-14,2.5091040356528538e-14,-6.565793293876971,114,0.3585696517266902,2.2794520854949951
trotter,overlap,33,20260948,9.170442183403793e-14,9.170442183403793e-14,-6.5657932938753021,114,0.3585696517266902,2.3340680599212646
trotter,overlap,34,20260949,8.3266726846886741e-14,8.3266726846886741e-14,-6.5657932938755401,114,0.3585696517266902,2.5304849147796631
trotter,overlap,35,20260950,1.4654943925052066e-14,1.4654943925052066e-14,-6.5657932938771744,114,0.3585696517266902,3.0975780487060547
trotter,overlap,36,20260951,8.7929663550312398e-14,8.7929663550312398e-14,-6.5657932938754131,114,0.3585696517266902,2.8444571495056152
trotter,overlap,37,20260952,4.8627768478581856e-14,4.8627768478581856e-14,-6.5657932938763643,114,0.3585696517266902,3.4432539939880371
trotter,overlap,38,20260953,5.2402526762307389e-14,5.2402526762307389e-14,-6.5657932938763093,114,0.3585696517266902,1.9373891353607178
trotter,overlap,39,20260954,2.3314683517128287e-14,2.3314683517128287e-14,-6.565793293876955,114,0.3585696517266902,2.466202974319458
trotter,overlap,40,20260955,8.5931262105987116e-14,8.5931262105987116e-14,-6.5657932938756014,114,0.3585696517266902,2.2048869132995605
trotter,overlap,41,20260956,5.7953641885433171e-14,5.7953641885433171e-14,-6.5657932938761654,114,0.3585696517266902,20.103448867797852
trotter,overlap,42,20260957,7.4829031859735551e-14,7.4829031859735551e-14,-6.5657932938758021,114,0.3585696517266902,2.7362298965454102
trotter,overlap,43,20260958,7.6605388699135801e-14,7.6605388699135801e-14,-6.5657932938757542,114,0.3585696517266902,2.4977788925170898
trotter,overlap,44,20260959,6.283862319378386e-14,6.283862319378386e-14,-6.5657932938760322,114,0.3585696517266902,2.1523430347442627
trotter,overlap,45,20260960,1.9761969838327786e-14,1.9761969838327786e-14,-6.5657932938770438,114,0.3585696517266902,1.9353940486907959
trotter,overlap,46,20260961,8.5709217501062085e-14,8.5709217501062085e-14,-6.5657932938755508,114,0.3585696517266902,2.1669139862060547
trotter,overlap,47,20260962,7.127631818093505e-14,7.127631818093505e-14,-6.5657932938758785,114,0.3585696517266902,2.7701070308685303
trotter,overlap,48,20260963,4.929390229335695e-14,4.929390229335695e-14,-6.5657932938762968,114,0.3585696517266902,2.3071238994598389
trotter,overlap,49,20260964,1.4654943925052066e-14,1.4654943925052066e-14,-6.5657932938771131,114,0.3585696517266902,2.5890591144561768
trotter,overlap,50,20260965,2.8421709430404007e-14,2.8421709430404007e-14,-6.5657932938769044,114,0.3585696517266902,2.2805371284484863
trotter,overlap,51,20260966,2.7533531010703882e-14,2.7533531010703882e-14,-6.5657932938768946,114,0.3585696517266902,20.20543098449707
trotter,overlap,52,20260967,4.5963233219481481e-14,4.5963233219481481e-14,-6.5657932938763324,114,0.3585696517266902,2.1771829128265381
trotter,overlap,53,20260968,6.8833827526759706e-15,6.8833827526759706e-15,-6.5657932938773147,114,0.3585696517266902,2.0305228233337402
trotter,overlap,54,20260969,1.0258460747536446e-13,1.0258460747536446e-13,-6.5657932938750738,114,0.3585696517266902,2.5186419486999512
trotter,overlap,55,20260970,1.1191048088221578e-13,1.1191048088221578e-13,-6.5657932938748971,114,0.3585696517266902,2.1421229839324951
trotter,overlap,56,20260971,5.9729998724833422e-14,5.9729998724833422e-14,-6.5657932938761379,114,0.3585696517266902,2.5818541049957275
trotter,overlap,57,20260972,4.75175454539567e-14,4.75175454539567e-14,-6.5657932938763928,114,0.3585696517266902,2.2882990837097168
trotter,overlap,58,20260973,7.3718808835110394e-14,7.3718808835110394e-14,-6.5657932938758545,114,0.3585696517266902,2.8780770301818848
trotter,overlap,59,20260974,8.0158102377936302e-14,8.0158102377936302e-14,-6.565793293875652,114,0.3585696517266902,2.4511659145355225
trotter,overlap,60,20260975,7.8381745538536052e-14,7.8381745538536052e-14,-6.5657932938757204,114,0.3585696517266902,2.3015589714050293
trotter,overlap,61,20260976,4.8849813083506888e-14,4.8849813083506888e-14,-6.5657932938763839,114,0.3585696517266902,18.786659002304077
trotter,overlap,62,20260977,1.5099033134902129e-14,1.5099033134902129e-14,-6.5657932938771246,114,0.3585696517266902,2.1508679389953613
trotter,overlap,63,20260978,1.3788969965844444e-13,1.3788969965844444e-13,-6.5657932938743473,114,0.3585696517266902,2.1502289772033691
trotter,overlap,64,20260979,5.4178883601707639e-14,5.4178883601707639e-14,-6.5657932938762427,114,0.3585696517266902,2.328218936920166
trotter,overlap,65,20260980,6.1506355564233672e-14,6.1506355564233672e-14,-6.5657932938760872,114,0.3585696517266902,2.3160369396209717
trotter,overlap,66,20260981,1.0658141036401503e-13,1.0658141036401503e-13,-6.5657932938750685,114,0.3585696517266902,2.3864850997924805
trotter,overlap,67,20260982,5.9729998724833422e-14,5.9729998724833422e-14,-6.5657932938760259,114,0.3585696517266902,2.4158000946044922
trotter,overlap,68,20260983,2.5091040356528538e-14,2.5091040356528538e-14,-6.5657932938769772,114,0.3585696517266902,2.806812047958374
trotter,overlap,69,20260984,8.3044682241961709e-14,8.3044682241961709e-14,-6.5657932938756032,114,0.3585696517266902,2.285822868347168
trotter,overlap,70,20260985,2.375877272697835e-14,2.375877272697835e-14,-6.5657932938769559,114,0.3585696517266902,2.4355859756469727
trotter,overlap,71,20260986,4.3076653355456074e-14,4.3076653355456074e-14,-6.5657932938765189,114,0.3585696517266902,18.584657192230225
trotter,overlap,72,20260987,8.0824236192711396e-14,8.0824236192711396e-14,-6.5657932938757018,114,0.3585696517266902,2.6707298755645752
trotter,overlap,73,20260988,9.4146912488213275e-14,9.4146912488213275e-14,-6.5657932938752461,114,0.3585696517266902,2.2442598342895508
trotter,overlap,74,20260989,2.3536728122053319e-14,2.3536728122053319e-14,-6.5657932938769168,114,0.3585696517266902,2.5377810001373291
trotter,overlap,75,20260990,7.0832228971084987e-14,7.0832228971084987e-14,-6.5657932938758563,114,0.3585696517266902,2.1967120170593262
trotter,overlap,76,20260991,1.9539925233402755e-14,1.9539925233402755e-14,-6.5657932938770314,114,0.3585696517266902,2.4266128540039062
trotter,overlap,77,20260992,3.0198066269804258e-14,3.0198066269804258e-14,-6.565793293876804,114,0.3585696517266902,2.752471923828125
trotter,overlap,78,20260993,8.4598994476436928e-14,8.4598994476436928e-14,-6.5657932938755987,114,0.3585696517266902,2.4147069454193115
trotter,overlap,79,20260994,7.2164496600635175e-14,7.2164496600635175e-14,-6.5657932938757826,114,0.3585696517266902,1.9242479801177979
trotter,overlap,80,20260995,8.659739592076221e-14,8.659739592076221e-14,-6.565793293875541,114,0.3585696517266902,2.0667541027069092
trotter,overlap,81,20260996,9.2370555648813024e-14,9.2370555648813024e-14,-6.5657932938754797,114,0.3585696517266902,18.244033098220825
trotter,overlap,82,20260997,4.3742787170231168e-14,4.3742787170231168e-14,-6.5657932938765082,114,0.3585696517266902,2.2332921028137207
trotter,overlap,83,20260998,2.6423307986078726e-14,2.6423307986078726e-14,-6.5657932938769283,114,0.3585696517266902,2.4799668788909912
trotter,overlap,84,20260999,2.8199664825478976e-14,2.8199664825478976e-14,-6.5657932938768919,114,0.3585696517266902,2.0662190914154053
trotter,overlap,85,20261000,2.9309887850104133e-14,2.9309887850104133e-14,-6.565793293876812,114,0.3585696517266902,2.1123878955841064
trotter,overlap,86,20261001,1.9984014443252818e-14,1.9984014443252818e-14,-6.5657932938770376,114,0.3585696517266902,2.2249050140380859
trotter,overlap,87,20261002,4.4630965589931293e-14,4.4630965589931293e-14,-6.5657932938763937,114,0.3585696517266902,2.6649751663208008
trotter,overlap,88,20261003,1.0369483049998962e-13,1.0369483049998962e-13,-6.5657932938751404,114,0.3585696517266902,2.3174760341644287
trotter,overlap,89,20261004,6.9722005946459831e-14,6.9722005946459831e-14,-6.5657932938758989,114,0.3585696517266902,1.9968788623809814
trotter,overlap,90,20261005,5.8175686490358203e-14,5.8175686490358203e-14,-6.5657932938761077,114,0.3585696517266902,1.9614369869232178
trotter,overlap,91,20261006,8.8151708155237429e-14,8.8151708155237429e-14,-6.5657932938753865,114,0.3585696517266902,18.907166004180908
trotter,overlap,92,20261007,6.106226635438361e-14,6.106226635438361e-14,-6.5657932938760766,114,0.3585696517266902,2.0537838935852051
trotter,overlap,93,20261008,3.6193270602780103e-14,3.6193270602780103e-14,-6.5657932938766805,114,0.3585696517266902,2.1464738845825195
trotter,overlap,94,20261009,1.9095836023552692e-14,1.9095836023552692e-14,-6.5657932938770269,114,0.3585696517266902,2.1874260902404785
trotter,overlap,95,20261010,7.0166095156309893e-14,7.0166095156309893e-14,-6.5657932938758137,114,0.3585696517266902,2.3084239959716797
trotter,overlap,96,20261011,3.1308289294429414e-14,3.1308289294429414e-14,-6.5657932938767845,114,0.3585696517266902,2.2655301094055176
trotter,overlap,97,20261012,4.241051954068098e-14,4.241051954068098e-14,-6.5657932938764931,114,0.3585696517266902,2.551609992980957
trotter,overlap,98,20261013,3.397282455352979e-14,3.397282455352979e-14,-6.5657932938767827,114,0.3585696517266902,2.1910190582275391
trotter,overlap,99,20261014,6.6835426082434424e-14,6.6835426082434424e-14,-6.5657932938759593,114,0.3585696517266902,2.2089591026306152
trotter,overlap,100,20261015,2.4202861936828413e-14,2.4202861936828413e-14,-6.5657932938769727,114,0.3585696517266902,2.2111289501190186
trotter,energy,1,20260916,-6.5657932938774435,8.8817841970012523e-16,-6.5657932938774435,114,-3.25,19.62981915473938
trotter,energy,2,20260917,-6.565793293877447,0,-6.565793293877447,114,-3.25,4.2198288440704346
trotter,energy,3,20260918,-6.5657932938774479,-4.4408920985006262e-16,-6.5657932938774479,114,-3.25,3.0476171970367432
trotter,energy,4,20260919,-6.5657932938774479,-4.4408920985006262e-16,-6.5657932938774479,114,-3.25,4.1734549999237061
trotter,energy,5,20260920,-6.5657932938774337,1.1102230246251565e-15,-6.5657932938774337,114,-3.25,2.7012150287628174
trotter,energy,6,20260921,-6.5657932938774497,-4.4408920985006262e-16,-6.5657932938774497,114,-3.25,4.5024921894073486
trotter,energy,7,20260922,-6.565793293877447,-4.4408920985006262e-16,-6.565793293877447,114,-3.25,3.2558169364929199
trotter,energy,8,20260923,-6.565793293877439,6.6613381477509392e-16,-6.565793293877439,114,-3.25,3.3612339496612549
trotter,energy,9,20260924,-6.5657932938774497,-4.4408920985006262e-16,-6.5657932938774497,114,-3.25,3.4496579170227051
trotter,energy,10,20260925,-6.5657932938774488,-4.4408920985006262e-16,-6.5657932938774488,114,-3.25,2.7968289852142334
trotter,energy,11,20260926,-6.5657932938774461,4.4408920985006262e-16,-6.5657932938774461,114,-3.25,19.21390700340271
trotter,energy,12,20260927,-6.565793293877447,0,-6.565793293877447,114,-3.25,3.1217160224914551
trotter,energy,13,20260928,-6.5657932938774479,-4.4408920985006262e-16,-6.5657932938774479,114,-3.25,3.7496988773345947
trotter,energy,14,20260929,-6.5657932938774506,-4.4408920985006262e-16,-6.5657932938774506,114,-3.25,3.1829850673675537
trotter,energy,15,20260930,-6.5657932938774355,1.3322676295501878e-15,-6.5657932938774355,114,-3.25,4.3682289123535156
trotter,energy,16,20260931,-6.5657932938774479,4.4408920985006262e-16,-6.5657932938774479,114,-3.25,3.0857651233673096
trotter,energy,17,20260932,-6.5657932938774497,2.2204460492503131e-16,-6.5657932938774497,114,-3.25,2.8949298858642578
trotter,energy,18,20260933,-6.5657932938774488,-4.4408920985006262e-16,-6.5657932938774488,114,-3.25,3.3614511489868164
trotter,energy,19,20260934,-6.5657932938774488,2.2204460492503131e-16,-6.5657932938774488,114,-3.25,4.465050220489502
trotter,energy,20,20260935,-6.5657932938774515,-4.4408920985006262e-16,-6.5657932938774515,114,-3.25,3.1542408466339111
trotter,energy,21,20260936,-6.5657932938774133,1.9984014443252818e-15,-6.5657932938774133,114,-3.25,20.136213064193726
trotter,energy,22,20260937,-6.5657932938774488,4.4408920985006262e-16,-6.5657932938774488,114,-3.25,3.7375369071960449
trotter,energy,23,20260938,-6.5657932938774479,4.4408920985006262e-16,-6.5657932938774479,114,-3.25,3.4113960266113281
trotter,energy,24,20260939,-6.5657932938774453,0,-6.5657932938774453,114,-3.25,4.056718111038208
trotter,energy,25,20260940,-6.5657932938774461,6.6613381477509392e-16,-6.5657932938774461,114,-3.25,3.3693292140960693
trotter,energy,26,20260941,-6.5657932938774479,2.2204460492503131e-16,-6.5657932938774479,114,-3.25,3.8293180465698242
trotter,energy,27,20260942,-6.5657932938774435,4.4408920985006262e-16,-6.5657932938774435,114,-3.25,3.1113078594207764
trotter,energy,28,20260943,-6.565793293877447,4.4408920985006262e-16,-6.565793293877447,114,-3.25,3.1829490661621094
trotter,energy,29,20260944,-6.5657932938774488,-4.4408920985006262e-16,-6.5657932938774488,114,-3.25,3.1187090873718262
trotter,energy,30,20260945,-6.5657932938774506,-4.4408920985006262e-16,-6.5657932938774506,114,-3.25,4.2539911270141602
trotter,energy,31,20260946,-6.5657932938774506,-4.4408920985006262e-16,-6.5657932938774506,114,-3.25,19.223727941513062
trotter,energy,32,20260947,-6.5657932938774453,0,-6.5657932938774453,114,-3.25,3.4253718852996826
trotter,energy,33,20260948,-6.5657932938774524,-4.4408920985006262e-16,-6.5657932938774524,114,-3.25,3.2146878242492676
trotter,energy,34,20260949,-6.5657932938774461,0,-6.5657932938774461,114,-3.25,3.5758919715881348
trotter,energy,35,20260950,-6.5657932938774444,4.4408920985006262e-16,-6.5657932938774444,114,-3.25,3.3756580352783203
trotter,energy,36,20260951,-6.5657932938774426,1.1102230246251565e-15,-6.5657932938774426,114,-3.25,3.260854959487915
trotter,energy,37,20260952,-6.5657932938774408,0,-6.5657932938774408,114,-3.25,3.1586871147155762
trotter,energy,38,20260953,-6.5657932938774488,0,-6.5657932938774488,114,-3.25,3.730510950088501
trotter,energy,39,20260954,-6.5657932938774453,4.4408920985006262e-16,-6.5657932938774453,114,-3.25,2.7988519668579102
trotter,energy,40,20260955,-6.5657932938774488,0,-6.5657932938774488,114,-3.25,2.9511570930480957
trotter,energy,41,20260956,-6.5657932938774426,2.2204460492503131e-16,-6.5657932938774426,114,-3.25,19.828235149383545
trotter,energy,42,20260957,-6.5657932938773973,5.5511151231257827e-15,-6.5657932938773973,114,-3.25,3.5971479415893555
trotter,energy,43,20260958,-6.565793293877447,0,-6.565793293877447,114,-3.25,3.6977300643920898
trotter,energy,44,20260959,-6.5657932938774497,-8.8817841970012523e-16,-6.5657932938774497,114,-3.25,2.8017809391021729
trotter,energy,45,20260960,-6.5657932938774479,0,-6.5657932938774479,114,-3.25,4.0595428943634033
trotter,energy,46,20260961,-6.5657932938774497,-4.4408920985006262e-16,-6.5657932938774497,114,-3.25,2.6330821514129639
trotter,energy,47,20260962,-6.5657932938774524,-8.8817841970012523e-16,-6.5657932938774524,114,-3.25,3.5434520244598389
trotter,energy,48,20260963,-6.565793293877447,0,-6.565793293877447,114,-3.25,3.307905912399292
trotter,energy,49,20260964,-6.5657932938774541,-1.3322676295501878e-15,-6.5657932938774541,114,-3.25,3.7634780406951904
trotter,energy,50,20260965,-6.5657932938774479,0,-6.5657932938774479,114,-3.25,3.3321030139923096
trotter,energy,51,20260966,-6.5657932938774426,4.4408920985006262e-16,-6.5657932938774426,114,-3.25,19.818756103515625
trotter,energy,52,20260967,-6.565793293877439,6.6613381477509392e-16,-6.565793293877439,114,-3.25,2.4030869007110596
trotter,energy,53,20260968,-6.5657932938774337,6.6613381477509392e-16,-6.5657932938774337,114,-3.25,2.4467339515686035
trotter,energy,54,20260969,-6.5657932938774408,8.8817841970012523e-16,-6.5657932938774408,114,-3.25,2.8420419692993164
trotter,energy,55,20260970,-6.5657932938774426,6.6613381477509392e-16,-6.5657932938774426,114,-3.25,2.4828400611877441
trotter,energy,56,20260971,-6.5657932938774479,2.2204460492503131e-16,-6.5657932938774479,114,-3.25,2.5318901538848877
trotter,energy,57,20260972,-6.5657932938774533,-8.8817841970012523e-16,-6.5657932938774533,114,-3.25,3.8655631542205811
trotter,energy,58,20260973,-6.5657932938774435,6.6613381477509392e-16,-6.5657932938774435,114,-3.25,3.1103248596191406
trotter,energy,59,20260974,-6.5657932938774373,4.4408920985006262e-16,-6.5657932938774373,114,-3.25,3.6216089725494385
trotter,energy,60,20260975,-6.5657932938774479,-8.8817841970012523e-16,-6.5657932938774479,114,-3.25,2.492034912109375
trotter,energy,61,20260976,-6.5657932938773769,7.7715611723760958e-15,-6.5657932938773769,114,-3.25,19.460952997207642
trotter,energy,62,20260977,-6.5657932938774497,0,-6.5657932938774497,114,-3.25,3.8671848773956299
trotter,energy,63,20260978,-6.5657932938774444,4.4408920985006262e-16,-6.5657932938774444,114,-3.25,2.8764870166778564
trotter,energy,64,20260979,-6.565793293877447,0,-6.565793293877447,114,-3.25,4.490818977355957
trotter,energy,65,20260980,-6.5657932938774417,6.6613381477509392e-16,-6.5657932938774417,114,-3.25,3.4004378318786621
trotter,energy,66,20260981,-6.5657932938774506,0,-6.5657932938774506,114,-3.25,3.2219700813293457
trotter,energy,67,20260982,-6.5657932938774497,-4.4408920985006262e-16,-6.5657932938774497,114,-3.25,3.6091840267181396
trotter,energy,68,20260983,-6.5657932938774506,-4.4408920985006262e-16,-6.5657932938774506,114,-3.25,3.2695820331573486
trotter,energy,69,20260984,-6.5657932938774488,0,-6.5657932938774488,114,-3.25,3.2572832107543945
trotter,energy,70,20260985,-6.565793293877447,4.4408920985006262e-16,-6.565793293877447,114,-3.25,3.0247070789337158
trotter,energy,71,20260986,-6.5657932938774364,8.8817841970012523e-16,-6.5657932938774364,114,-3.25,18.696956872940063
trotter,energy,72,20260987,-6.5657932938774497,-4.4408920985006262e-16,-6.5657932938774497,114,-3.25,3.4370570182800293
trotter,energy,73,20260988,-6.5657932938774151,2.886579864025407e-15,-6.5657932938774151,114,-3.25,2.8699090480804443
trotter,energy,74,20260989,-6.565793293877447,2.2204460492503131e-16,-6.565793293877447,114,-3.25,2.7715001106262207
trotter,energy,75,20260990,-6.5657932938774479,0,-6.5657932938774479,114,-3.25,2.7090201377868652
trotter,energy,76,20260991,-6.5657932938774444,0,-6.5657932938774444,114,-3.25,3.5769479274749756
trotter,energy,77,20260992,-6.5657932938774026,3.3306690738754696e-15,-6.5657932938774026,114,-3.25,3.3909428119659424
trotter,energy,78,20260993,-6.5657932938774408,8.8817841970012523e-16,-6.5657932938774408,114,-3.25,3.2464540004730225
trotter,energy,79,20260994,-6.5657932938774417,1.1102230246251565e-15,-6.5657932938774417,114,-3.25,2.8897600173950195
trotter,energy,80,20260995,-6.5657932938774488,0,-6.5657932938774488,114,-3.25,4.0610020160675049
trotter,energy,81,20260996,-6.5657932938774461,-4.4408920985006262e-16,-6.5657932938774461,114,-3.25,19.577128171920776
trotter,energy,82,20260997,-6.5657932938774426,4.4408920985006262e-16,-6.5657932938774426,114,-3.25,2.7768690586090088
trotter,energy,83,20260998,-6.5657932938774533,-8.8817841970012523e-16,-6.5657932938774533,114,-3.25,2.9916620254516602
trotter,energy,84,20260999,-6.5657932938773973,3.9968028886505635e-15,-6.5657932938773973,114,-3.25,2.5347890853881836
trotter,energy,85,20261000,-6.5657932938773715,4.6629367034256575e-15,-6.5657932938773715,114,-3.25,2.4372880458831787
trotter,energy,86,20261001,-6.5657932938773831,5.3290705182007514e-15,-6.5657932938773831,114,-3.25,3.1538770198822021
trotter,energy,87,20261002,-6.5657932938774453,2.2204460492503131e-16,-6.5657932938774453,114,-3.25,3.798367977142334
trotter,energy,88,20261003,-6.5657932938774426,2.2204460492503131e-16,-6.5657932938774426,114,-3.25,2.0559840202331543
trotter,energy,89,20261004,-6.5657932938774515,0,-6.5657932938774515,114,-3.25,2.6511580944061279
trotter,energy,90,20261005,-6.5657932938774524,0,-6.5657932938774524,114,-3.25,3.6037750244140625
trotter,energy,91,20261006,-6.5657932938774124,3.9968028886505635e-15,-6.5657932938774124,114,-3.25,22.315046072006226
trotter,energy,92,20261007,-6.5657932938774524,-4.4408920985006262e-16,-6.5657932938774524,114,-3.25,3.4802620410919189
trotter,energy,93,20261008,-6.5657932938774213,2.2204460492503131e-15,-6.5657932938774213,114,-3.25,2.7304120063781738
trotter,energy,94,20261009,-6.5657932938774515,-4.4408920985006262e-16,-6.5657932938774515,114,-3.25,3.4344809055328369
trotter,energy,95,20261010,-6.5657932938774444,2.2204460492503131e-16,-6.5657932938774444,114,-3.25,4.1241660118103027
trotter,energy,96,20261011,-6.5657932938774479,0,-6.5657932938774479,114,-3.25,3.1656739711761475
trotter,energy,97,20261012,-6.5657932938774524,-8.8817841970012523e-16,-6.5657932938774524,114,-3.25,2.8474559783935547
trotter,energy,98,20261013,-6.5657932938774159,1.9984014443252818e-15,-6.5657932938774159,114,-3.25,2.7347109317779541
trotter,energy,99,20261014,-6.5657932938774524,-4.4408920985006262e-16,-6.5657932938774524,114,-3.25,3.1344120502471924
trotter,energy,100,20261015,-6.5657932938774461,2.2204460492503131e-16,-6.5657932938774461,114,-3.25,2.674889087677002
exact,overlap,1,20260916,5.4195118140865084e-05,5.4195118140865084e-05,-6.5649994642514615,180,4.7288257541078238e-05,74.282100915908813
exact,overlap,2,20260917,5.4222987376228993e-05,5.4222987376228993e-05,-6.5649990763343569,180,5.8305871822983359e-05,40.681171894073486
exact,overlap,3,20260918,5.4213585783391416e-05,5.4213585783391416e-05,-6.5649991248140847,180,5.6208357401166308e-05,24.726454019546509
exact,overlap,4,20260919,5.4198212891654052e-05,5.4198212891654052e-05,-6.5649993867663348,180,5.4805733120222245e-05,24.109004020690918
exact,overlap,5,20260920,5.4215447019112517e-05,5.4215447019112517e-05,-6.5649990916239096,180,5.8651003521426103e-05,35.474801063537598
exact,overlap,6,20260921,5.4190726426317504e-05,5.4190726426317504e-05,-6.5649994488951089,180,5.81945631775716e-05,51.977761030197144
exact,overlap,7,20260922,5.420804593991857e-05,5.420804593991857e-05,-6.5649991766254514,180,5.6655197151145255e-05,19.505454063415527
exact,overlap,8,20260923,5.4206426435388089e-05,5.4206426435388089e-05,-6.5649992224029337,180,5.616673134001271e-05,19.34129810333252
exact,overlap,9,20260924,5.4215061145668209e-05,5.4215061145668209e-05,-6.5649991191039669,180,5.740513088337007e-05,44.147836923599243
exact,overlap,10,20260925,5.421304713992825e-05,5.421304713992825e-05,-6.5649991389072291,180,5.4895558326717388e-05,23.476485967636108
exact,overlap,11,20260926,5.4215357119025143e-05,5.4215357119025143e-05,-6.5649990937193952,180,5.9344816224604581e-05,67.192915916442871
exact,overlap,12,20260927,5.4214671211028076e-05,5.4214671211028076e-05,-6.5649991206815512,180,5.6800981423688057e-05,38.098312139511108
exact,overlap,13,20260928,5.420186409721417e-05,5.420186409721417e-05,-6.5649992865769029,180,5.8676166485693848e-05,39.472417116165161
exact,overlap,14,20260929,5.4195417112712363e-05,5.4195417112712363e-05,-6.5649993912695752,180,5.8230030606898299e-05,39.124883890151978
exact,overlap,15,20260930,5.4210212726113483e-05,5.4210212726113483e-05,-6.5649991865145809,180,5.6308188880138665e-05,27.65283203125
exact,overlap,16,20260931,5.4214973912669606e-05,5.4214973912669606e-05,-6.5649991256123199,180,5.7809528427599233e-05,29.699355125427246
exact,overlap,17,20260932,5.421242585046393e-05,5.421242585046393e-05,-6.5649991470324043,180,5.5964696403343285e-05,23.417009115219116
exact,overlap,18,20260933,5.4208629486907078e-05,5.4208629486907078e-05,-6.5649991864832637,180,5.6284543155316004e-05,17.99951696395874
exact,overlap,19,20260934,5.4214588852019574e-05,5.4214588852019574e-05,-6.5649991288561145,180,5.2570295737797146e-05,32.615868091583252
exact,overlap,20,20260935,5.4210499412343793e-05,5.4210499412343793e-05,-6.5649991645142478,180,5.7956079548837581e-05,37.4704430103302
exact,overlap,21,20260936,5.4196995449395935e-05,5.4196995449395935e-05,-6.564999327180284,180,5.560747473976063e-05,41.747209072113037
exact,overlap,22,20260937,5.4202956733417906e-05,5.4202956733417906e-05,-6.5649992444005205,180,5.5856625241434976e-05,19.312449216842651
exact,overlap,23,20260938,5.4208537336175588e-05,5.4208537336175588e-05,-6.5649992168088742,180,5.8177547950455377e-05,49.455293893814087
exact,overlap,24,20260939,5.4191482062093677e-05,5.4191482062093677e-05,-6.5649994853102873,180,5.9701685005908391e-05,37.602205038070679
exact,overlap,25,20260940,5.4216877839574629e-05,5.4216877839574629e-05,-6.5649990712333093,180,5.7428979823081984e-05,26.994135856628418
exact,overlap,26,20260941,5.4204954355041579e-05,5.4204954355041579e-05,-6.5649992610062666,180,5.4571961551785897e-05,22.929903030395508
exact,overlap,27,20260942,5.4203574762046181e-05,5.4203574762046181e-05,-6.5649992625158902,180,5.9948161824641133e-05,38.774082899093628
exact,overlap,28,20260943,5.4212664525765675e-05,5.4212664525765675e-05,-6.5649991577656168,180,5.8286057900147625e-05,40.581357002258301
exact,overlap,29,20260944,5.4208812187317434e-05,5.4208812187317434e-05,-6.5649992019658656,180,5.3648633375757981e-05,25.477798938751221
exact,overlap,30,20260945,5.4197338086647839e-05,5.4197338086647839e-05,-6.5649993697039672,180,5.7016248358410292e-05,39.94287109375
exact,overlap,31,20260946,5.4199284200029396e-05,5.4199284200029396e-05,-6.5649993218649101,180,5.8134428899236923e-05,49.297379016876221
exact,overlap,32,20260947,5.4207450232657273e-05,5.4207450232657273e-05,-6.5649992113165201,180,4.5661346065317687e-05,37.423542976379395
exact,overlap,33,20260948,5.4212318783442015e-05,5.4212318783442015e-05,-6.5649992382352087,180,5.0517670427185912e-05,31.76409912109375
exact,overlap,34,20260949,5.4197059870975117e-05,5.4197059870975117e-05,-6.564999375073306,180,5.6407824892024171e-05,26.924568891525269
exact,overlap,35,20260950,5.41880007762785e-05,5.41880007762785e-05,-6.5649994967805352,180,5.6458228161471223e-05,33.749526977539062
exact,overlap,36,20260951,5.4214241781980199e-05,5.4214241781980199e-05,-6.5649991009214448,180,5.773293591737616e-05,39.94170880317688
exact,overlap,37,20260952,5.4209348672507041e-05,5.4209348672507041e-05,-6.5649991972673583,180,5.6725410615632299e-05,26.017743825912476
exact,overlap,38,20260953,5.4214852131639901e-05,5.4214852131639901e-05,-6.5649990836365104,180,5.789622332341704e-05,44.681594848632812
exact,overlap,39,20260954,5.4200883119026599e-05,5.4200883119026599e-05,-6.5649993299794316,180,5.7851220756965861e-05,34.298925161361694
exact,overlap,40,20260955,5.4194385153527591e-05,5.4194385153527591e-05,-6.5649994113980288,180,5.2677696938840946e-05,28.422450065612793
exact,overlap,41,20260956,5.4188146894840195e-05,5.4188146894840195e-05,-6.5649994762690946,180,5.7429442351208948e-05,54.231184959411621
exact,overlap,42,20260957,5.4198277041228593e-05,5.4198277041228593e-05,-6.5649993951270993,180,5.1966296593208784e-05,37.378467082977295
exact,overlap,43,20260958,5.4225172683497469e-05,5.4225172683497469e-05,-6.5649989673485729,180,5.75935658103654e-05,44.992516994476318
exact,overlap,44,20260959,5.4222303850215425e-05,5.4222303850215425e-05,-6.5649989652685621,180,5.5919579812879761e-05,24.886461973190308
exact,overlap,45,20260960,5.4220740434818282e-05,5.4220740434818282e-05,-6.5649990474431155,180,5.6395127021713343e-05,24.280115127563477
exact,overlap,46,20260961,5.421828058937983e-05,5.421828058937983e-05,-6.5649990567451972,180,5.7027757360605892e-05,18.261015892028809
exact,overlap,47,20260962,5.4201697378908342e-05,5.4201697378908342e-05,-6.5649992833997945,180,6.0836946055076169e-05,35.460592985153198
exact,overlap,48,20260963,5.4195074172813662e-05,5.4195074172813662e-05,-6.5649993537889237,180,5.437940503194577e-05,18.326748132705688
exact,overlap,49,20260964,5.4222790665581222e-05,5.4222790665581222e-05,-6.5649989543183702,180,5.1322716987489692e-05,39.853345155715942
exact,overlap,50,20260965,5.4200343676091833e-05,5.4200343676091833e-05,-6.5649993309421255,180,5.3812565965927206e-05,25.823227882385254
exact,overlap,51,20260966,5.4213462261087919e-05,5.4213462261087919e-05,-6.5649991378524897,180,5.7987874866438638e-05,53.961390972137451
exact,overlap,52,20260967,5.4211404157844534e-05,5.4211404157844534e-05,-6.5649990889371885,180,4.8449709387776761e-05,37.6020188331604
exact,overlap,53,20260968,5.4196360015579259e-05,5.4196360015579259e-05,-6.564999379294667,180,5.8841882618287879e-05,38.402315139770508
exact,overlap,54,20260969,5.4217024831992866e-05,5.4217024831992866e-05,-6.5649991010074604,180,5.7624804478684287e-05,36.701695203781128
exact,overlap,55,20260970,5.4190151670963083e-05,5.4190151670963083e-05,-6.5649994241048875,180,5.7746415028980867e-05,41.221098899841309
exact,overlap,56,20260971,5.4196543613937997e-05,5.4196543613937997e-05,-6.5649993890620131,180,5.4744815308538364e-05,18.164070844650269
exact,overlap,57,20260972,5.4197544167799983e-05,5.4197544167799983e-05,-6.5649993217794211,180,5.5779773430075785e-05,21.383120059967041
exact,overlap,58,20260973,5.4218172463760261e-05,5.4218172463760261e-05,-6.5649990560781264,180,5.6924177879613734e-05,29.39574408531189
exact,overlap,59,20260974,5.4210968667200987e-05,5.4210968667200987e-05,-6.5649991803150982,180,5.1278906813556624e-05,46.514194011688232
exact,overlap,60,20260975,5.4220342495248097e-05,5.4220342495248097e-05,-6.5649990147093238,180,5.595876117403531e-05,21.019690036773682
exact,overlap,61,20260976,5.4207041327969385e-05,5.4207041327969385e-05,-6.5649992483402668,180,5.9754120425026258e-05,62.449805021286011
exact,overlap,62,20260977,5.4192496001248536e-05,5.4192496001248536e-05,-6.5649994459641094,180,5.7266313804427095e-05,17.735721111297607
exact,overlap,63,20260978,5.4209088060530597e-05,5.4209088060530597e-05,-6.564999190506132,180,5.7122234943252082e-05,33.521726131439209
exact,overlap,64,20260979,5.4195622883002059e-05,5.4195622883002059e-05,-6.5649993919110061,180,5.5819985473326507e-05,18.375156164169312
exact,overlap,65,20260980,5.4198907077696035e-05,5.4198907077696035e-05,-6.5649993607960981,180,5.1708296024410849e-05,27.852534055709839
exact,overlap,66,20260981,5.4227461025568857e-05,5.4227461025568857e-05,-6.5649989977591527,180,5.4466210513637314e-05,21.587999820709229
exact,overlap,67,20260982,5.4224318889239953e-05,5.4224318889239953e-05,-6.5649990660769149,180,5.5325247901749695e-05,15.97694993019104
exact,overlap,68,20260983,5.4191439651352091e-05,5.4191439651352091e-05,-6.5649994526302233,180,5.5520862993652163e-05,17.743290901184082
exact,overlap,69,20260984,5.4220912775404528e-05,5.4220912775404528e-05,-6.5649990270273193,180,6.1514544539176264e-05,58.990353107452393
exact,overlap,70,20260985,5.4200455167130457e-05,5.4200455167130457e-05,-6.5649993444920538,180,5.5514399435741045e-05,16.696058034896851
exact,overlap,71,20260986,5.4210709757085418e-05,5.4210709757085418e-05,-6.5649991484894761,180,5.5566808683016279e-05,42.342801094055176
exact,overlap,72,20260987,5.4209377331471131e-05,5.4209377331471131e-05,-6.5649992037075044,180,5.536412040918476e-05,16.747046947479248
exact,overlap,73,20260988,5.420786992726967e-05,5.420786992726967e-05,-6.5649992193873246,180,5.7375334293174928e-05,26.118621110916138
exact,overlap,74,20260989,5.4191466965836099e-05,5.4191466965836099e-05,-6.5649994231124289,180,6.0055432424266364e-05,45.387237071990967
exact,overlap,75,20260990,5.4207167725639493e-05,5.4207167725639493e-05,-6.5649992545506333,180,5.5693251290955814e-05,19.099485158920288
exact,overlap,76,20260991,5.4206161651859652e-05,5.4206161651859652e-05,-6.5649992444267111,180,5.4397370596759255e-05,20.990801095962524
exact,overlap,77,20260992,5.4212525530061839e-05,5.4212525530061839e-05,-6.564999134219506,180,5.2950312996680236e-05,24.971808910369873
exact,overlap,78,20260993,5.4202094395883194e-05,5.4202094395883194e-05,-6.5649992948921376,180,5.5809833183984026e-05,19.065240859985352
exact,overlap,79,20260994,5.4220197831966743e-05,5.4220197831966743e-05,-6.5649990761012482,180,5.3025902157832815e-05,33.471453189849854
exact,overlap,80,20260995,5.42019534898186e-05,5.42019534898186e-05,-6.5649992827402643,180,5.9304719667641059e-05,31.565768957138062
exact,overlap,81,20260996,5.4191322010455067e-05,5.4191322010455067e-05,-6.5649994540654779,180,5.4888409350528633e-05,42.397789001464844
exact,overlap,82,20260997,5.4212408161946612e-05,5.4212408161946612e-05,-6.5649991801386536,180,5.4265140580267489e-05,18.476645946502686
exact,overlap,83,20260998,5.4208764144192401e-05,5.4208764144192401e-05,-6.5649992181618604,180,5.8219028273964746e-05,28.3819739818573
exact,overlap,84,20260999,5.4215120316447596e-05,5.4215120316447596e-05,-6.5649990915791641,180,5.6529543297600959e-05,23.077270984649658
exact,overlap,85,20261000,5.4204867788176792e-05,5.4204867788176792e-05,-6.5649992614122574,180,5.8514359810968308e-05,30.55374813079834
exact,overlap,86,20261001,5.4209233675828195e-05,5.4209233675828195e-05,-6.5649992633116891,180,5.5480474565716698e-05,19.270576000213623
exact,overlap,87,20261002,5.4214216283710037e-05,5.4214216283710037e-05,-6.5649991025503347,180,5.3530520295108684e-05,26.486384153366089
exact,overlap,88,20261003,5.4212331367042843e-05,5.4212331367042843e-05,-6.5649991351156327,180,5.9873142847832685e-05,29.040454149246216
exact,overlap,89,20261004,5.4207286897756113e-05,5.4207286897756113e-05,-6.5649992298149007,180,5.0952769101719753e-05,28.685569047927856
exact,overlap,90,20261005,5.4212165290890013e-05,5.4212165290890013e-05,-6.5649991709450823,180,6.0138021154343413e-05,38.177787065505981
exact,overlap,91,20261006,5.4206810589652044e-05,5.4206810589652044e-05,-6.5649992525171452,180,5.3789840659734854e-05,45.254497051239014
exact,overlap,92,20261007,5.4214026971588503e-05,5.4214026971588503e-05,-6.5649991405228931,180,5.5818026550524867e-05,18.141026020050049
exact,overlap,93,20261008,5.4215750253883144e-05,5.4215750253883144e-05,-6.5649991025017487,180,5.6315833074860268e-05,19.537749052047729
exact,overlap,94,20261009,5.4199358650919294e-05,5.4199358650919294e-05,-6.5649993423260966,180,5.0341899154093762e-05,35.391700983047485
exact,overlap,95,20261010,5.4202851375584338e-05,5.4202851375584338e-05,-6.5649992616874577,180,5.5967617140217972e-05,20.653696060180664
exact,overlap,96,20261011,5.4213771408240241e-05,5.4213771408240241e-05,-6.5649991055813679,180,5.6961837352931309e-05,26.725075960159302
exact,overlap,97,20261012,5.4213513006495795e-05,5.4213513006495795e-05,-6.5649991164943131,180,5.5179680266248478e-05,20.30991792678833
exact,overlap,98,20261013,5.4190963284850291e-05,5.4190963284850291e-05,-6.5649994710376065,180,5.3461394077580716e-05,29.036784887313843
exact,overlap,99,20261014,5.4216504915993724e-05,5.4216504915993724e-05,-6.5649990710654222,180,5.9114870782472852e-05,41.981956005096436
exact,overlap,100,20261015,5.4210633001927633e-05,5.4210633001927633e-05,-6.5649991916848895,180,5.6706816630058832e-05,30.418574094772339
exact,energy,1,20260916,-6.5657752676885526,1.996068266230111e-06,-6.5657752676885526,180,-6.5653388527984351,107.60514783859253
exact,energy,2,20260917,-6.5657856247053354,2.1808837340486775e-06,-6.5657856247053354,180,-6.5653358203524697,115.22327399253845
exact,energy,3,20260918,-6.5657856052181094,2.1865132782128427e-06,-6.5657856052181094,180,-6.5654428937967788,89.042813062667847
exact,energy,4,20260919,-6.5657857199639365,2.1734474012768956e-06,-6.5657857199639365,180,-6.5653637077831632,114.12052416801453
exact,energy,5,20260920,-6.5657856167605351,2.1804163869987292e-06,-6.5657856167605351,180,-6.5654230909655622,104.84596514701843
exact,energy,6,20260921,-6.5657855583923341,2.1967568705205665e-06,-6.5657855583923341,180,-6.5654552378771331,108.22733402252197
exact,energy,7,20260922,-6.5657856188597803,2.1867516348805793e-06,-6.5657856188597803,180,-6.5654540933553944,103.22072887420654
exact,energy,8,20260923,-6.5657856263467655,2.1660520902466729e-06,-6.5657856263467655,180,-6.5653647713643739,114.22932505607605
exact,energy,9,20260924,-6.5657856425072101,2.1833322447761816e-06,-6.5657856425072101,180,-6.5653780527974677,102.25379800796509
exact,energy,10,20260925,-6.5657856356110642,2.1780967972562237e-06,-6.5657856356110642,180,-6.5654220455023591,117.08550095558167
exact,energy,11,20260926,-6.5657855582683169,2.1941050167839649e-06,-6.5657855582683169,180,-6.5654293799898076,120.82074308395386
exact,energy,12,20260927,-6.5657856463762894,2.1715239715280887e-06,-6.5657856463762894,180,-6.5654500813218899,110.59725117683411
exact,energy,13,20260928,-6.5657856617244761,2.1714894531399409e-06,-6.5657856617244761,180,-6.5653495747246025,110.6792459487915
exact,energy,14,20260929,-6.5657857184152375,2.1622573715962545e-06,-6.5657857184152375,180,-6.5653870274852686,109.32212400436401
exact,energy,15,20260930,-6.5657856807387791,2.1678889409182389e-06,-6.5657856807387791,180,-6.5654770988357081,111.93837213516235
exact,energy,16,20260931,-6.5657856519024405,2.173823181572665e-06,-6.5657856519024405,180,-6.5653826358539069,106.15935897827148
exact,energy,17,20260932,-6.5657857450681378,2.1539944001780498e-06,-6.5657857450681378,180,-6.5653365512210877,108.86626100540161
exact,energy,18,20260933,-6.5657856476878615,2.1724874226247692e-06,-6.5657856476878615,180,-6.5654147391463811,114.11788392066956
exact,energy,19,20260934,-6.5657855380546906,2.1992459254827068e-06,-6.5657855380546906,180,-6.5654052010783186,115.47463297843933
exact,energy,20,20260935,-6.5657855800269331,2.1891395839412908e-06,-6.5657855800269331,180,-6.565272888886688,97.887176036834717
exact,energy,21,20260936,-6.5657856350888792,2.1752515585449217e-06,-6.5657856350888792,180,-6.5653727509414459,124.59431004524231
exact,energy,22,20260937,-6.5657857092544489,2.1528355824695922e-06,-6.5657857092544489,180,-6.5652518822298269,118.07758688926697
exact,energy,23,20260938,-6.5657857153609687,2.155862304675793e-06,-6.5657857153609687,180,-6.5654068575208884,108.87760806083679
exact,energy,24,20260939,-6.5657855967566485,2.175995478248538e-06,-6.5657855967566485,180,-6.5653394678805927,107.21721506118774
exact,energy,25,20260940,-6.5657856529399048,2.1538747846383544e-06,-6.5657856529399048,180,-6.5654287037936054,105.18799996376038
exact,energy,26,20260941,-6.565785671639313,2.1681882282909015e-06,-6.565785671639313,180,-6.5654074378467477,113.61796498298645
exact,energy,27,20260942,-6.5657856102093088,2.1844370875490071e-06,-6.5657856102093088,180,-6.5654492204129076,97.963827133178711
exact,energy,28,20260943,-6.5657855118749451,2.2028150300501537e-06,-6.5657855118749451,180,-6.5654279175681003,113.59894204139709
exact,energy,29,20260944,-6.5657753358359292,1.9920453813160321e-06,-6.5657753358359292,180,-6.5654575456489548,85.926300048828125
exact,energy,30,20260945,-6.5657856528727248,2.1724788732413458e-06,-6.5657856528727248,180,-6.5654060911073993,104.8649890422821
exact,energy,31,20260946,-6.5657857058168432,2.1575531432560524e-06,-6.5657857058168432,180,-6.5654680678962665,104.61766004562378
exact,energy,32,20260947,-6.5657751601084557,2.0128474199632151e-06,-6.5657751601084557,180,-6.5654745235141805,73.406682014465332
exact,energy,33,20260948,-6.5657856331052118,2.1741041271727823e-06,-6.5657856331052118,180,-6.5654304058064765,91.419934988021851
exact,energy,34,20260949,-6.5657856171415201,2.1837294983395594e-06,-6.5657856171415201,180,-6.5654702171239885,85.910783052444458
exact,energy,35,20260950,-6.5657856423643013,2.1761929953623138e-06,-6.5657856423643013,180,-6.5655258674399999,89.106819152832031
exact,energy,36,20260951,-6.5657855011726287,2.2039439360188595e-06,-6.5657855011726287,180,-6.5653836161210437,88.152467966079712
exact,energy,37,20260952,-6.5657855910984102,2.1911849426015095e-06,-6.5657855910984102,180,-6.5654460699988499,89.071608066558838
exact,energy,38,20260953,-6.5657856830604349,2.1694070972966273e-06,-6.5657856830604349,180,-6.5654669882902716,90.747833967208862
exact,energy,39,20260954,-6.5657856267385446,2.1820478861567238e-06,-6.5657856267385446,180,-6.5653721594891046,81.151808023452759
exact,energy,40,20260955,-6.5657856243438921,2.1799043669057383e-06,-6.5657856243438921,180,-6.565501459337507,93.122384071350098
exact,energy,41,20260956,-6.5657856273752575,2.1807533358009223e-06,-6.5657856273752575,180,-6.5654286020865129,105.78840589523315
exact,energy,42,20260957,-6.5657752739186925,1.9965147808331807e-06,-6.5657752739186925,180,-6.5653769529794097,66.180102109909058
exact,energy,43,20260958,-6.5657856588090739,2.1837672548041809e-06,-6.5657856588090739,180,-6.5653465448354158,70.605089902877808
exact,energy,44,20260959,-6.5657752169305166,2.0006833575392236e-06,-6.5657752169305166,180,-6.5655005686692398,75.81601095199585
exact,energy,45,20260960,-6.5657856074528587,2.1822524418624312e-06,-6.5657856074528587,180,-6.5653768546165052,81.610478162765503
exact,energy,46,20260961,-6.5657856363016975,2.1787963500052854e-06,-6.5657856363016975,180,-6.5654097341115509,85.613746881484985
exact,energy,47,20260962,-6.5657856250799318,2.1790516684383476e-06,-6.5657856250799318,180,-6.5654275387249124,81.552203178405762
exact,energy,48,20260963,-6.5657856220913091,2.1833999640508139e-06,-6.5657856220913091,180,-6.5653399091344449,85.834058046340942
exact,energy,49,20260964,-6.5657750847283456,2.0150931387963311e-06,-6.5657750847283456,180,-6.5654277637519174,66.729789972305298
exact,energy,50,20260965,-6.565785566036026,2.19067418349983e-06,-6.565785566036026,180,-6.5654487751303865,85.996663808822632
exact,energy,51,20260966,-6.5657753308962326,1.9964455547638593e-06,-6.5657753308962326,180,-6.5654166078885989,86.360244035720825
exact,energy,52,20260967,-6.5657752185079925,2.0096248687373475e-06,-6.5657752185079925,180,-6.5653098796576881,69.258992910385132
exact,energy,53,20260968,-6.5657851359312414,2.2266501646939219e-06,-6.5657851359312414,180,-6.5653926188041867,88.851605176925659
exact,energy,54,20260969,-6.565785630613485,2.1781588789293593e-06,-6.565785630613485,180,-6.5654225190888713,87.417611122131348
exact,energy,55,20260970,-6.5657856407240578,2.1732950732378242e-06,-6.5657856407240578,180,-6.565380900605958,75.35791802406311
exact,energy,56,20260971,-6.5657856624411686,2.1727028023388328e-06,-6.5657856624411686,180,-6.5653278007860303,72.368923902511597
exact,energy,57,20260972,-6.5657856259629375,2.1781477094195978e-06,-6.5657856259629375,180,-6.5654794018459262,79.97379994392395
exact,energy,58,20260973,-6.5657855840452042,2.1852078418982401e-06,-6.5657855840452042,180,-6.5654648660048567,76.118057012557983
exact,energy,59,20260974,-6.5657748306946999,2.0474149978744194e-06,-6.5657748306946999,180,-6.5654880425181794,60.824546098709106
exact,energy,60,20260975,-6.5657856835362747,2.1690824970610478e-06,-6.5657856835362747,180,-6.5654274644078132,91.147737979888916
exact,energy,61,20260976,-6.5657856841831954,2.1631971857116739e-06,-6.5657856841831954,180,-6.565356461355961,100.86627101898193
exact,energy,62,20260977,-6.5657856479123859,2.1707639678014701e-06,-6.5657856479123859,180,-6.5653269499462663,74.890956878662109
exact,energy,63,20260978,-6.5657856624898301,2.1722849665728461e-06,-6.5657856624898301,180,-6.5654253716363717,75.605197906494141
exact,energy,64,20260979,-6.5657856317927168,2.1782938613990055e-06,-6.5657856317927168,180,-6.5654325203227,80.888352870941162
exact,energy,65,20260980,-6.5657751392938897,2.0142386840671378e-06,-6.5657751392938897,180,-6.5654787310898364,64.194441795349121
exact,energy,66,20260981,-6.5657856657656302,2.1756835287822796e-06,-6.5657856657656302,180,-6.565374248264364,74.104527950286865
exact,energy,67,20260982,-6.565785640099306,2.1774874033875236e-06,-6.565785640099306,180,-6.5655091872071711,83.133798122406006
exact,energy,68,20260983,-6.5657856303883166,2.1805667219654268e-06,-6.5657856303883166,180,-6.5653563649966626,71.176162004470825
exact,energy,69,20260984,-6.5657857122375543,2.1614301968231331e-06,-6.5657857122375543,180,-6.5654114956375471,81.670851945877075
exact,energy,70,20260985,-6.5657856284331713,2.1790158808432381e-06,-6.5657856284331713,180,-6.5654272541232093,84.157696962356567
exact,energy,71,20260986,-6.5657837373260897,2.4541020187118789e-06,-6.5657837373260897,180,-6.5655485572231518,97.989190101623535
exact,energy,72,20260987,-6.5657856410575901,2.1781141171794971e-06,-6.5657856410575901,180,-6.5654455379607475,84.96458911895752
exact,energy,73,20260988,-6.5657856617332415,2.1685370242829904e-06,-6.5657856617332415,180,-6.5653684583656275,81.027976036071777
exact,energy,74,20260989,-6.5657856970406634,2.1728346623062222e-06,-6.5657856970406634,180,-6.5653768951750866,88.583446979522705
exact,energy,75,20260990,-6.5657856281481202,2.179656111822581e-06,-6.5657856281481202,180,-6.5653103468985563,78.913084030151367
exact,energy,76,20260991,-6.5657856223618127,2.1809489102464497e-06,-6.5657856223618127,180,-6.5655597376408368,77.142985105514526
exact,energy,77,20260992,-6.5657750671936679,2.0172444915589338e-06,-6.5657750671936679,180,-6.5654565871158512,69.108031988143921
exact,energy,78,20260993,-6.5657856383837956,2.1795024821580355e-06,-6.5657856383837956,180,-6.5654517411321605,88.057510852813721
exact,energy,79,20260994,-6.5657856219869846,2.1819491055063978e-06,-6.5657856219869846,180,-6.5653864558827193,92.103775024414062
exact,energy,80,20260995,-6.565785646060843,2.1751790115764891e-06,-6.565785646060843,180,-6.5653798973793123,77.153358936309814
exact,energy,81,20260996,-6.5657856297746298,2.1795480406039403e-06,-6.5657856297746298,180,-6.5653408311382089,93.884160995483398
exact,energy,82,20260997,-6.5657856281451723,2.1785432312571018e-06,-6.5657856281451723,180,-6.5654451908267379,73.805500984191895
exact,energy,83,20260998,-6.5657856465470044,2.1775534461143664e-06,-6.5657856465470044,180,-6.5654132931190894,82.820874929428101
exact,energy,84,20260999,-6.5657750234980963,2.0266784456213216e-06,-6.5657750234980963,180,-6.5654103079034343,55.778496980667114
exact,energy,85,20261000,-6.5657855716578002,2.1963801032365282e-06,-6.5657855716578002,180,-6.5653648627218884,84.509130001068115
exact,energy,86,20261001,-6.5657856451471304,2.1782427319649855e-06,-6.5657856451471304,180,-6.5653274332028753,79.629614114761353
exact,energy,87,20261002,-6.5657856366979992,2.1752040437750253e-06,-6.5657856366979992,180,-6.5654703963592747,82.91018009185791
exact,energy,88,20261003,-6.5657855206692881,2.2024422415833911e-06,-6.5657855206692881,180,-6.5654252743054577,78.145537853240967
exact,energy,89,20261004,-6.5657856856168051,2.1701965616793828e-06,-6.5657856856168051,180,-6.5654209287425873,84.608377933502197
exact,energy,90,20261005,-6.5657856455859509,2.1774465994717218e-06,-6.5657856455859509,180,-6.5653299463912251,86.347471952438354
exact,energy,91,20261006,-6.565785713005253,2.1618825554181598e-06,-6.565785713005253,180,-6.5654280535172775,93.78441596031189
exact,energy,92,20261007,-6.5657856805094186,2.1703556297714144e-06,-6.5657856805094186,180,-6.5654356100065447,68.761934995651245
exact,energy,93,20261008,-6.5657856156648711,2.1811690985584775e-06,-6.5657856156648711,180,-6.5654394496161892,84.894351005554199
exact,energy,94,20261009,-6.5657855261030997,2.2019105034853936e-06,-6.5657855261030997,180,-6.5653765919202076,79.034554958343506
exact,energy,95,20261010,-6.5657856496591291,2.1764532202039888e-06,-6.5657856496591291,180,-6.5654637226103807,83.681807994842529
exact,energy,96,20261011,-6.565785589567442,2.1867994408619751e-06,-6.565785589567442,180,-6.5653996669563277,82.653891086578369
exact,energy,97,20261012,-6.5657856696784789,2.1685922138026115e-06,-6.5657856696784789,180,-6.5653763088321329,78.633437871932983
exact,energy,98,20261013,-6.5657856376047121,2.1769449233266513e-06,-6.5657856376047121,180,-6.5653775404065486,81.434154987335205
exact,energy,99,20261014,-6.5657856330854649,2.1824983076346172e-06,-6.5657856330854649,180,-6.5654822059926703,70.330297946929932
exact,energy,100,20261015,-6.5657751554815587,2.0104746074611768e-06,-6.5657751554815587,180,-6.5654545794940962,62.270992994308472
