system_size,hilbert_space_size,U,optimized_overlap,baseline_overlap,overlap_ratio
"$3\times 2\;(2,2)$",39,0.5,0.9999999994006403,0.4999089971486379,2.000364076470723
"$3\times 2\;(2,2)$",39,0.75,0.999999999935925,0.49963644355803005,2.0014552837953272
"$3\times 2\;(2,2)$",39,1.0,0.9999999999675775,0.4991838606045542,2.003269894897027
"$3\times 2\;(2,2)$",39,1.25,0.9999999999963833,0.4985538653237518,2.0058013176710636
"$3\times 2\;(2,2)$",39,1.5,0.9999999999993912,0.4977501266477721,2.0090401718913697
"$3\times 2\;(2,2)$",39,1.75,0.9999999999995446,0.496777304789362,2.0129744059534955
"$3\times 2\;(2,2)$",39,2.0,0.9999999999999025,0.4956409757158593,2.017589442752574
"$3\times 2\;(2,2)$",39,2.25,0.9999999999999407,0.49434754306802897,2.022868352482794
"$3\times 2\;(2,2)$",39,2.5,0.9999999999998175,0.4929041401713754,2.0287920479875305
"$3\times 2\;(2,2)$",39,2.75,0.9999999999999141,0.49131852495339856,2.035339498128559
"$3\times 2\;(2,2)$",39,3.0,0.9999999999999052,0.48959897061948043,2.04248795444693
"$3\times 2\;(2,2)$",39,3.25,0.999999999999835,0.4877541548609772,2.0502131863640636
"$3\times 2\;(2,2)$",39,3.5,0.9999999999998799,0.4857930501865322,2.0584897202953094
"$3\times 2\;(2,2)$",39,3.75,0.9999999999999414,0.48372481770123743,2.0672910783286924
"$3\times 2\;(2,2)$",39,4.0,0.9999999999998492,0.4815587063303891,2.076590012503619
"$3\times 2\;(2,2)$",39,4.25,0.9999999999999873,0.47930395911837054,2.086358731188832
"$3\times 2\;(2,2)$",39,4.5,0.999999999999962,0.4769697278508014,2.0965691145765275
"$3\times 2\;(2,2)$",39,4.75,0.9999999999999878,0.474564996869393,2.1071929168749923
"$3\times 2\;(2,2)$",39,5.0,0.9999999999999742,0.47209851659048063,2.118201953316915
"$3\times 2\;(2,2)$",39,5.25,0.999999999999962,0.46957874691269585,2.129568270656598
"$3\times 2\;(2,2)$",39,5.5,0.9999999999999538,0.46701381041553547,2.141264300321617
"$3\times 2\;(2,2)$",39,5.75,0.9999999999999742,0.46441145501367154,2.1532629938478496
"$3\times 2\;(2,2)$",39,6.0,0.9999999999999909,0.46177902554348405,2.165537940626592
"$3\times 2\;(2,2)$",39,6.25,0.9999999999999512,0.45912344361745294,2.1780634683363345
"$3\times 2\;(2,2)$",39,6.5,0.9999999999999851,0.45645119498554343,2.190814726712802
"$3\times 2\;(2,2)$",39,6.75,0.9999999999999842,0.45376832358601193,2.203767755530502
"$3\times 2\;(2,2)$",39,7.0,0.9999999999999847,0.451080431445557,2.2168995378392498
"$3\times 2\;(2,2)$",39,7.25,0.9999999999999789,0.4483926835946547,2.230188039606764
"$3\times 2\;(2,2)$",39,7.5,0.9999999999999789,0.44570981719227265,2.24361223699184
"$3\times 2\;(2,2)$",39,7.75,0.9999999999999776,0.44303615409952557,2.2571521324991757
"$3\times 2\;(2,2)$",39,8.0,0.9999999999999896,0.44037561619905796,2.270788761265045
"$3\times 2\;(2,2)$",39,8.25,0.9999999999999782,0.4377317428217713,2.2845041886924395
"$3\times 2\;(2,2)$",39,8.5,0.9999999999999822,0.4351077097111685,2.298281500605444
"$3\times 2\;(2,2)$",39,8.75,0.99999999999998,0.4325063490251536,2.3121047870255014
"$3\times 2\;(2,2)$",39,9.0,0.9999999999999714,0.42993016994324373,2.3259591205985477
"$3\times 2\;(2,2)$",39,9.25,0.9999999999999887,0.4273813795121164,2.339830530617767
"$3\times 2\;(2,2)$",39,9.5,0.9999999999999711,0.4248619034230201,2.3537059735014796
"$3\times 2\;(2,2)$",39,9.75,0.9999999999999858,0.4223734064700355,2.3675733005007
"$3\times 2\;(2,2)$",39,10.0,0.999999999999978,0.41991731248812414,2.381421223323007
"$3\times 2\;(2,2)$",39,10.25,0.9999999999999585,0.4174948236141496,2.395239278281837
"$3\times 2\;(2,2)$",39,10.5,0.9999999999999853,0.4151069387527586,2.409017789499284
"$3\times 2\;(2,2)$",39,10.75,0.9999999999999876,0.41275447116234143,2.4227478316199154
"$3\times 2\;(2,2)$",39,11.0,0.9999999999999896,0.4104380651046574,2.4364211924276566
"$3\times 2\;(2,2)$",39,11.25,0.9999999999999902,0.40815821152547893,2.450030335693898
"$3\times 2\;(2,2)$",39,11.5,0.9999999999999891,0.40591526275325496,2.4635683645329256
"$3\times 2\;(2,2)$",39,11.75,0.9999999999999871,0.4037094462187566,2.4770289854900267
"$3\times 2\;(2,2)$",39,12.0,0.9999999999999856,0.40154087721141873,2.4904064735443288
"$3\times 2\;(2,2)$",39,12.25,0.9999999999999913,0.39940957069802563,2.503695638169981
"$3\times 2\;(2,2)$",39,12.5,0.9999999999999876,0.3973154522369384,2.5168917905655457
"$3\times 2\;(2,2)$",39,12.75,0.9999999999999889,0.3952583680265789,2.52999071213274
"$3\times 2\;(2,2)$",39,13.0,0.9999999999999933,0.393238094130692,2.5429886242598996
"$3\times 2\;(2,2)$",39,13.25,0.9999999999999929,0.3912543449253144,2.555882159445106
"$3\times 2\;(2,2)$",39,13.5,0.9999999999999922,0.3893067808136266,2.5686683337753724
"$3\times 2\;(2,2)$",39,13.75,0.9999999999999907,0.38739501525519515,2.5813445207632424
"$3\times 2\;(2,2)$",39,14.0,0.9999999999999862,0.38551862115569024,2.593908426530038
"$3\times 2\;(2,2)$",39,14.25,0.9999999999999933,0.38367713666219316,2.606358066314592
"$3\times 2\;(2,2)$",39,14.5,0.9999999999999882,0.38187007040778365,2.618691742278018
"$3\times 2\;(2,2)$",39,14.75,0.9999999999999909,0.38009690624736225,2.6309080225693906
"$3\times 2\;(2,2)$",39,15.0,0.9999999999999938,0.37835710752471696,2.643005721610943
"$3\times 2,\;(3,2)$",50,0.5,0.9999999988611026,0.9990938119354248,1.0009070088462688
"$3\times 2,\;(3,2)$",50,0.75,0.999999997721267,0.9963845038939212,1.0036286130637482
"$3\times 2,\;(3,2)$",50,1.0,0.9999999970599676,0.9919172177364525,1.008148643030877
"$3\times 2,\;(3,2)$",50,1.25,0.9999999961995285,0.9857759218129986,1.0144293181358799
"$3\times 2,\;(3,2)$",50,1.5,0.9999999975571014,0.9780778642957051,1.022413484714923
"$3\times 2,\;(3,2)$",50,1.75,0.9999999972063722,0.9689662865809854,1.0320276474580863
"$3\times 2,\;(3,2)$",50,2.0,0.9999999981689083,0.9586022563758285,1.043185525088989
"$3\times 2,\;(3,2)$",50,2.25,0.9999999981984244,0.9471564681683788,1.0557917638806131
"$3\times 2,\;(3,2)$",50,2.5,0.999999998665249,0.9348017183439202,1.0697455717527273
"$3\times 2,\;(3,2)$",50,2.75,0.9999999992437971,0.9217065461170547,1.0849440133159252
"$3\times 2,\;(3,2)$",50,3.0,0.9999999992358302,0.9080302965428232,1.1012848393309855
"$3\times 2,\;(3,2)$",50,3.25,0.9999999991915689,0.893919653314902,1.1186687701554514
"$3\times 2,\;(3,2)$",50,3.5,0.9999999991465056,0.8795065329893927,1.1370012178847182
"$3\times 2,\;(3,2)$",50,3.75,0.9999999991595923,0.864907136185124,1.1561934886678435
"$3\times 2,\;(3,2)$",50,4.0,0.9999999991563957,0.8502219091944236,1.1761635266537476
"$3\times 2,\;(3,2)$",50,4.25,0.9999999992353856,0.8355361682178614,1.196836279832522
"$3\times 2,\;(3,2)$",50,4.5,0.9999999993532069,0.8209211633971951,1.218143768172494
"$3\times 2,\;(3,2)$",50,4.75,0.9999999994712601,0.8064353980434628,1.2400249318140237
"$3\times 2,\;(3,2)$",50,5.0,0.9999999996243785,0.7921260603395326,1.2624253255797997
"$3\times 2,\;(3,2)$",50,5.25,0.9999999997005786,0.7780304642123804,1.2852967148438121
"$3\times 2,\;(3,2)$",50,5.5,0.9999999997916602,0.764177429796814,1.308596617486529
"$3\times 2,\;(3,2)$",50,5.75,0.9999999998967442,0.750588560806023,1.3322878233354496
"$3\times 2,\;(3,2)$",50,6.0,0.999999999955731,0.7372793963392652,1.3563379160206082
"$3\times 2,\;(3,2)$",50,6.25,0.9999999999776021,0.7242604290301025,1.380718813143993
"$3\times 2,\;(3,2)$",50,6.5,0.9999999999764104,0.7115379910689974,1.405406334627382
"$3\times 2,\;(3,2)$",50,6.75,0.9999999999831013,0.6991150156275366,1.4303798053679129
"$3\times 2,\;(3,2)$",50,7.0,0.9999999999859743,0.6869916845497834,1.455621694520683
"$3\times 2,\;(3,2)$",50,7.25,0.9999999999894909,0.6751659746639079,1.4811172919181579
"$3\times 2,\;(3,2)$",50,7.5,0.9999999999937113,0.6636341153285663,1.5068544200724365
"$3\times 2,\;(3,2)$",50,7.75,0.9999999999952536,0.6523909693256744,1.5328231796783998
"$3\times 2,\;(3,2)$",50,8.0,0.9999999999950067,0.6414303482733098,1.5590157258491804
"$3\times 2,\;(3,2)$",50,8.25,0.9999999999976161,0.6307452725844451,1.5854260720816336
"$3\times 2,\;(3,2)$",50,8.5,0.9999999999987328,0.6203281847864528,1.6120499189360251
"$3\times 2,\;(3,2)$",50,8.75,0.999999999999277,0.6101711238345806,1.6388845045875693
"$3\times 2,\;(3,2)$",50,9.0,0.9999999999999818,0.6002658669521477,1.6659284744566367
"$3\times 2,\;(3,2)$",50,9.25,0.9999999999999367,0.5906040445377009,1.6931817674609613
"$3\times 2,\;(3,2)$",50,9.5,0.9999999999998754,0.5811772328039956,1.7206455166441965
"$3\times 2,\;(3,2)$",50,9.75,0.9999999999997875,0.5719770280544061,1.748321962162208
"$3\times 2,\;(3,2)$",50,10.0,0.9999999999999896,0.5629951058519495,1.7762143748776371
"$3\times 2,\;(3,2)$",50,10.25,0.9999999999999833,0.5542232677843325,1.8043269890089098
"$3\times 2,\;(3,2)$",50,10.5,0.9999999999999849,0.5456534780637781,1.8326649424987282
"$3\times 2,\;(3,2)$",50,10.75,0.9999999999999847,0.5372778918113561,1.8612342239294952
"$3\times 2,\;(3,2)$",50,11.0,0.9999999999999896,0.5290888765513443,1.8900416249876437
"$3\times 2,\;(3,2)$",50,11.25,0.999999999999974,0.5210790281718134,1.9190946976093766
"$3\times 2,\;(3,2)$",50,11.5,0.9999999999999947,0.5132411823846096,1.9484017150646744
"$3\times 2,\;(3,2)$",50,11.75,0.9999999999999925,0.5055684225334136,1.9779716363394932
"$3\times 2,\;(3,2)$",50,12.0,0.999999999999996,0.49805408444634636,2.007814073268026
"$3\times 2,\;(3,2)$",50,12.25,0.9999999999999873,0.49069175890397343,2.037939259941155
"$3\times 2,\;(3,2)$",50,12.5,0.9999999999999867,0.48347529219006025,2.068358023985379
"$3\times 2,\;(3,2)$",50,12.75,0.9999999999999916,0.47639878510714007,2.0990817593606916
"$3\times 2,\;(3,2)$",50,13.0,0.9999999999999778,0.4694565907686453,2.130122400375015
"$3\times 2,\;(3,2)$",50,13.25,0.9999999999999951,0.4626433114215286,2.161492396652989
"$3\times 2,\;(3,2)$",50,13.5,0.9999999999999885,0.45595379450557805,2.19320468883115
"$3\times 2,\;(3,2)$",50,13.75,0.9999999999999907,0.4493831281163392,2.225272684783805
"$3\times 2,\;(3,2)$",50,14.0,0.9999999999999871,0.4429266360062776,2.257710236206734
"$3\times 2,\;(3,2)$",50,14.25,0.9999999999999858,0.4365798722321239,2.290531615411483
"$3\times 2,\;(3,2)$",50,14.5,0.9999999999999845,0.4303386155345499,2.3237514922006786
"$3\times 2,\;(3,2)$",50,14.75,0.9999999999999827,0.42419886351833025,2.357384910713631
"$3\times 2,\;(3,2)$",50,15.0,0.9999999999999909,0.41815682668649445,2.3914472661466863
"$3\times 2,\;(3,3)$",68,0.5,0.999999999977591,0.9983892707511587,1.0016133278608057
"$3\times 2,\;(3,3)$",68,0.75,0.9999999998637743,0.9936660349762211,1.0063743397324683
"$3\times 2,\;(3,3)$",68,1.0,0.9999999997794653,0.9860729034146172,1.0141237998900698
"$3\times 2,\;(3,3)$",68,1.25,0.9999999996304545,0.9759329336737949,1.0246605736175556
"$3\times 2,\;(3,3)$",68,1.5,0.9999999992837811,0.9636160198807057,1.0377577568786993
"$3\times 2,\;(3,3)$",68,1.75,0.9999999991058579,0.9495074301705112,1.0531776448829677
"$3\times 2,\;(3,3)$",68,2.0,0.9999999987594914,0.9339823024749956,1.070684097663899
"$3\times 2,\;(3,3)$",68,2.25,0.9999999984779155,0.9173877020090849,1.090051672033437
"$3\times 2,\;(3,3)$",68,2.5,0.9999999982130723,0.9000320529308398,1.1110715390154158
"$3\times 2,\;(3,3)$",68,2.75,0.9999999982769334,0.88218068110037,1.133554633082198
"$3\times 2,\;(3,3)$",68,3.0,0.9999999979241179,0.8640558018658178,1.1573326581046572
"$3\times 2,\;(3,3)$",68,3.25,0.9999999984705743,0.8458393475285385,1.1822576017449158
"$3\times 2,\;(3,3)$",68,3.5,0.9999999981982337,0.8276773265309839,1.2082003048090009
"$3\times 2,\;(3,3)$",68,3.75,0.9999999984746881,0.8096847703427096,1.2350485461785643
"$3\times 2,\;(3,3)$",68,4.0,0.9999999984864292,0.7919506566684726,1.2627049299929431
"$3\times 2,\;(3,3)$",68,4.25,0.9999999986766128,0.7745424585331524,1.2910848045314876
"$3\times 2,\;(3,3)$",68,4.5,0.9999999988721966,0.7575101526864081,1.3201143183702961
"$3\times 2,\;(3,3)$",68,4.75,0.999999998813127,0.7408896389933189,1.3497286858699675
"$3\times 2,\;(3,3)$",68,5.0,0.9999999986953065,0.7247055914566645,1.3798706819486488
"$3\times 2,\;(3,3)$",68,5.25,0.9999999990946424,0.7089737967665152,1.4104893631547997
"$3\times 2,\;(3,3)$",68,5.5,0.9999999993808453,0.6937030501385701,1.441538997386693
"$3\times 2,\;(3,3)$",68,5.75,0.9999999993365434,0.6788966795510427,1.4729781857201711
"$3\times 2,\;(3,3)$",68,6.0,0.9999999995662705,0.6645537642305168,1.5047691449376788
"$3\times 2,\;(3,3)$",68,6.25,0.9999999995742272,0.6506701050615843,1.536877123745496
"$3\times 2,\;(3,3)$",68,6.5,0.9999999995382169,0.6372389956604123,1.5692699385131819
"$3\times 2,\;(3,3)$",68,6.75,0.9999999997025446,0.6242518343168764,1.6019175991638894
"$3\times 2,\;(3,3)$",68,7.0,0.9999999997846918,0.6116986094161313,1.6347920109532301
"$3\times 2,\;(3,3)$",68,7.25,0.9999999997773414,0.5995682844824595,1.6678667395499915
"$3\times 2,\;(3,3)$",68,7.5,0.9999999997917193,0.5878491036351451,1.7011168233614933
"$3\times 2,\;(3,3)$",68,7.75,0.9999999998116773,0.5765288339027346,1.7345186242330874
"$3\times 2,\;(3,3)$",68,8.0,0.999999999782607,0.5655949573666104,1.768049708997709
"$3\times 2,\;(3,3)$",68,8.25,0.9999999998165716,0.5550348233509576,1.8016887549130505
"$3\times 2,\;(3,3)$",68,8.5,0.9999999998505191,0.5448357687085813,1.8354154724841376
"$3\times 2,\;(3,3)$",68,8.75,0.9999999998603908,0.5349852125532722,1.8692105433864001
"$3\times 2,\;(3,3)$",68,9.0,0.9999999998730349,0.5254707304611672,1.903055568852347
"$3\times 2,\;(3,3)$",68,9.25,0.9999999998720237,0.5162801121258432,1.9369330260551927
"$3\times 2,\;(3,3)$",68,9.5,0.9999999998807771,0.5074014056407476,1.9708262309955071
"$3\times 2,\;(3,3)$",68,9.75,0.9999999999156106,0.4988229509473032,2.004719305750735
"$3\times 2,\;(3,3)$",68,10.0,0.9999999999176059,0.49053340448833316,2.0385971490783352
"$3\times 2,\;(3,3)$",68,10.25,0.9999999998979852,0.48252175671336806,2.072445409942446
"$3\times 2,\;(3,3)$",68,10.5,0.9999999999229408,0.4747773437713907,2.1062504625419725
"$3\times 2,\;(3,3)$",68,10.75,0.9999999999428921,0.4672898544792006,2.1399993823050205
"$3\times 2,\;(3,3)$",68,11.0,0.999999999940359,0.46004933345587773,2.173679923473396
"$3\times 2,\;(3,3)$",68,11.25,0.9999999999531424,0.4530461811548453,2.2072804971097537
"$3\times 2,\;(3,3)$",68,11.5,0.9999999999460827,0.4462711513965745,2.240790149254892
"$3\times 2,\;(3,3)$",68,11.75,0.9999999999676943,0.4397153469004873,2.2741985400705285
"$3\times 2,\;(3,3)$",68,12.0,0.9999999999665776,0.4333702132292492,2.3074959225164515
"$3\times 2,\;(3,3)$",68,12.25,0.9999999999775981,0.42722753148845516,2.34067312210337
"$3\times 2,\;(3,3)$",68,12.5,0.9999999999714542,0.4212794100667887,2.3737215161142493
"$3\times 2,\;(3,3)$",68,12.75,0.9999999999736962,0.41551827565364163,2.406633013675802
"$3\times 2,\;(3,3)$",68,13.0,0.99999999998303,0.40993686373117044,2.4394000356084415
"$3\times 2,\;(3,3)$",68,13.25,0.9999999999829385,0.4045282087042853,2.472015494756139
"$3\times 2,\;(3,3)$",68,13.5,0.999999999987397,0.39928563380402515,2.504472776694517
"$3\times 2,\;(3,3)$",68,13.75,0.9999999999911022,0.3942027408761861,2.536765720523463
"$3\times 2,\;(3,3)$",68,14.0,0.9999999999955842,0.3892734001472056,2.5688886001905846
"$3\times 2,\;(3,3)$",68,14.25,0.999999999994726,0.38449174004260567,2.600836106086221
"$3\times 2,\;(3,3)$",68,14.5,0.9999999999923173,0.37985213711908206,2.6326033271173133
"$3\times 2,\;(3,3)$",68,14.75,0.999999999673443,0.3753492061594885,2.66418573228189
"$3\times 2,\;(3,3)$",68,15.0,0.9999997417631934,0.3709777904698084,2.695578461710034
"$3\times3,\;(3,2)$",336,0.5,0.9999993804333207,0.3332151702309316,3.001061985684147
"$3\times3,\;(3,2)$",336,0.75,0.9999995263693192,0.3328651064049406,3.0042185471756513
"$3\times3,\;(3,2)$",336,1.0,0.999999501780296,0.33229142646939414,3.0094050647208057
"$3\times3,\;(3,2)$",336,1.25,0.9999995125895579,0.3315043971550705,3.016549768785661
"$3\times3,\;(3,2)$",336,1.5,0.9999994466782195,0.3305159694303632,3.025570741412876
"$3\times3,\;(3,2)$",336,1.75,0.9999993384342234,0.3293394557831826,3.03637879055877
"$3\times3,\;(3,2)$",336,2.0,0.9999992821277932,0.3279891975906081,3.0488787114750635
"$3\times3,\;(3,2)$",336,2.25,0.9999991829898917,0.3264802363444419,3.0629700412703587
"$3\times3,\;(3,2)$",336,2.5,0.9999990730492506,0.32482800058181915,3.078549482366334
"$3\times3,\;(3,2)$",336,2.75,0.9999989646880998,0.32304801796595106,3.095511840575659
"$3\times3,\;(3,2)$",336,3.0,0.9999989226413106,0.3211556593468412,3.113751520602454
"$3\times3,\;(3,2)$",336,3.25,0.9999988469120407,0.3191659190461401,3.133162995286712
"$3\times3,\;(3,2)$",336,3.5,0.9999987179368673,0.31709323324469785,3.153642566586017
"$3\times3,\;(3,2)$",336,3.75,0.999998521696596,0.31495133633205974,3.1750889942002876
"$3\times3,\;(3,2)$",336,4.0,0.9999981959806876,0.31275315347320565,3.197404038537888
"$3\times3,\;(3,2)$",336,4.25,0.9999978604980626,0.3105107264748601,3.220493771183861
"$3\times3,\;(3,2)$",336,4.5,0.9999975121385766,0.30823516926856964,3.244268051927795
"$3\times3,\;(3,2)$",336,4.75,0.9999971777206917,0.3059366489213128,3.2686413388083233
"$3\times3,\;(3,2)$",336,5.0,0.9999969810533632,0.3036243879720568,3.293533130630452
"$3\times3,\;(3,2)$",336,5.25,0.9999968640484896,0.3013066840068248,3.31886717795427
"$3\times3,\;(3,2)$",336,5.5,0.9999968182415913,0.2989909426595909,3.3445722781646734
"$3\times3,\;(3,2)$",336,5.75,0.9999968643127845,0.29668372060394965,3.3705821885916847
"$3\times3,\;(3,2)$",336,6.0,0.9999967158141148,0.294390775532956,3.3968344082920106
"$3\times3,\;(3,2)$",336,6.25,0.999996481235858,0.29211712057421546,3.423272416454613
"$3\times3,\;(3,2)$",336,6.5,0.9999963146811423,0.289867081026707,3.4498443601776474
"$3\times3,\;(3,2)$",336,6.75,0.9999963110090431,0.2876443517161287,3.4765025109755063
"$3\times3,\;(3,2)$",336,7.0,0.9999962192565165,0.2854520536361458,3.50320204923511
"$3\times3,\;(3,2)$",336,7.25,0.9999960196778254,0.28329278886669784,3.529902838961316
"$3\times3,\;(3,2)$",336,7.5,0.999995854459721,0.2811686930376196,3.5565689894426624
"$3\times3,\;(3,2)$",336,7.75,0.9999956519252924,0.279081484836605,3.5831673051000283
"$3\times3,\;(3,2)$",336,8.0,0.9999953457567531,0.2770325122489017,3.6096678243248963
"$3\times3,\;(3,2)$",336,8.25,0.9999950030842875,0.2750227953663229,3.636044065919413
"$3\times3,\;(3,2)$",336,8.5,0.9999946567326268,0.2730530657200603,3.662272218389382
"$3\times3,\;(3,2)$",336,8.75,0.9999942949233149,0.2711238021804918,3.6883308912051973
"$3\times3,\;(3,2)$",336,9.0,0.9999939348553158,0.269235263532116,3.714201185002018
"$3\times3,\;(3,2)$",336,9.25,0.999993585776803,0.26738751787748105,3.7398663696598113
"$3\times3,\;(3,2)$",336,9.5,0.999993319489731,0.26558046905407573,3.765311971363824
"$3\times3,\;(3,2)$",336,9.75,0.999993229490187,0.26381388026607955,3.790525458636239
"$3\times3,\;(3,2)$",336,10.0,0.9999934193052469,0.2620873951412761,3.8154960438528853
"$3\times3,\;(3,2)$",336,10.25,0.999993356997496,0.26040055642474935,3.8402120591722873
"$3\times3,\;(3,2)$",336,10.5,0.9999931778183901,0.2587528225169695,3.8646657767484203
"$3\times3,\;(3,2)$",336,10.75,0.9999929079278764,0.2571435820562048,3.8888503455213765
"$3\times3,\;(3,2)$",336,11.0,0.9999926351568831,0.25557216673494576,3.91276032884276
"$3\times3,\;(3,2)$",336,11.25,0.9999923729437408,0.25403786252821614,3.936391067818369
"$3\times3,\;(3,2)$",336,11.5,0.9999921197588358,0.25253991949899546,3.959738807799903
"$3\times3,\;(3,2)$",336,11.75,0.9999918322264587,0.251077560332958,3.982800497584704
"$3\times3,\;(3,2)$",336,12.0,0.99999167560167,0.24964998774186842,4.00557470339488
"$3\times3,\;(3,2)$",336,12.25,0.9999915766924704,0.24825639086243378,4.028059753944443
"$3\times3,\;(3,2)$",336,12.5,0.9999915837873625,0.24689595076544535,4.050255100122596
"$3\times3,\;(3,2)$",336,12.75,0.999991630488184,0.24556784517877417,4.072160301607024
"$3\times3,\;(3,2)$",336,13.0,0.9999915849371936,0.24427125251729098,4.09377515623296
"$3\times3,\;(3,2)$",336,13.25,0.9999914047875778,0.24300535530305656,4.1151002764546885
"$3\times3,\;(3,2)$",336,13.5,0.9999911340657467,0.24176934305022468,4.136137036439771
"$3\times3,\;(3,2)$",336,13.75,0.9999908220603007,0.2405624146809915,4.156887198635676
"$3\times3,\;(3,2)$",336,14.0,0.9999904933980137,0.23938378053152343,4.17735274786643
"$3\times3,\;(3,2)$",336,14.25,0.9999901637479477,0.23823266400016696,4.197535917019535
"$3\times3,\;(3,2)$",336,14.5,0.9999898392168272,0.23710830288423834,4.217439149336938
"$3\times3,\;(3,2)$",336,14.75,0.9999895172051642,0.23600995044630502,4.237065069985993
"$3\times3,\;(3,2)$",336,15.0,0.9999891960293664,0.23493687624607484,4.2564164979446195
"$4\times2,\;(3,3)$",392,0.5,0.9999999963977932,0.9993486430112875,1.0006517779266133
"$4\times2,\;(3,3)$",392,0.75,0.9999999618170666,0.9974496776968872,1.0025568047964766
"$4\times2,\;(3,3)$",392,1.0,0.9999999136694216,0.9943864569940897,1.005645145944868
"$4\times2,\;(3,3)$",392,1.25,0.9999998459732681,0.9902428556153992,1.0098531287577988
"$4\times2,\;(3,3)$",392,1.5,0.9999997402154752,0.9851027907035352,1.0151222285151593
"$4\times2,\;(3,3)$",392,1.75,0.9999995908543863,0.9790497489369543,1.0213981382868227
"$4\times2,\;(3,3)$",392,2.0,0.9999993987100324,0.9721663066849423,1.0286299698248134
"$4\times2,\;(3,3)$",392,2.25,0.9999991831198404,0.9645336431847453,1.036769624559692
"$4\times2,\;(3,3)$",392,2.5,0.9999989063276528,0.9562310555443085,1.045771208255133
"$4\times2,\;(3,3)$",392,2.75,0.9999985356682564,0.9473354891551256,1.0555907037327377
"$4\times2,\;(3,3)$",392,3.0,0.9999982253766726,0.9379210985849552,1.0661858730818332
"$4\times2,\;(3,3)$",392,3.25,0.9999977270542305,0.9280588530632812,1.0775154223824253
"$4\times2,\;(3,3)$",392,3.5,0.9999972031184651,0.9178161981075135,1.0895397195869982
"$4\times2,\;(3,3)$",392,3.75,0.999996422289095,0.9072567814025496,1.1022198376331527
"$4\times2,\;(3,3)$",392,4.0,0.9999953864504242,0.8964402473379233,1.1155181724827943
"$4\times2,\;(3,3)$",392,4.25,0.9999941820283019,0.8854221010676074,1.1293982619391902
"$4\times2,\;(3,3)$",392,4.5,0.9999928372509744,0.8742536398797806,1.1438246198076847
"$4\times2,\;(3,3)$",392,4.75,0.9999911684094098,0.8629819472082916,1.1587625577155316
"$4\times2,\;(3,3)$",392,5.0,0.9999891693798407,0.8516499428398,1.1741786373464762
"$4\times2,\;(3,3)$",392,5.25,0.9999867487124608,0.8402964817490987,1.1900403850685686
"$4\times2,\;(3,3)$",392,5.5,0.9999839111309216,0.8289564934579368,1.2063165184454439
"$4\times2,\;(3,3)$",392,5.75,0.9999807216535739,0.8176611537600823,1.2229769227204692
"$4\times2,\;(3,3)$",392,6.0,0.9999776852263516,0.8064380809776664,1.2399931362542451
"$4\times2,\;(3,3)$",392,6.25,0.9999750751272585,0.7953115495041427,1.2573375499836743
"$4\times2,\;(3,3)$",392,6.5,0.9999723411327603,0.7843027141513971,1.2749826350081095
"$4\times2,\;(3,3)$",392,6.75,0.999968935448268,0.773429839671779,1.2929019339008507
"$4\times2,\;(3,3)$",392,7.0,0.999964245156886,0.7627085307060163,1.3110699630319451
"$4\times2,\;(3,3)$",392,7.25,0.9999588056887314,0.7521519582670615,1.3294638067453954
"$4\times2,\;(3,3)$",392,7.5,0.9999529902326183,0.7417710796747546,1.3480614405607036
"$4\times2,\;(3,3)$",392,7.75,0.999946927433207,0.7315748495855273,1.366841585655556
"$4\times2,\;(3,3)$",392,8.0,0.9999411848526836,0.7215704204042189,1.3857846116980836
"$4\times2,\;(3,3)$",392,8.25,0.999935070711689,0.7117633309175677,1.4048701686031302
"$4\times2,\;(3,3)$",392,8.5,0.9999283273718379,0.7021576824529375,1.4240794516107265
"$4\times2,\;(3,3)$",392,8.75,0.9999213030659893,0.692756302246475,1.4433954621898601
"$4\times2,\;(3,3)$",392,9.0,0.9999149087520407,0.6835608940099097,1.4628029741232458
"$4\times2,\;(3,3)$",392,9.25,0.9999095056457129,0.674572175923101,1.482286909147138
"$4\times2,\;(3,3)$",392,9.5,0.9999028104305623,0.6657900064593644,1.5018291063694271
"$4\times2,\;(3,3)$",392,9.75,0.9998948086024078,0.6572134985812955,1.5214155076863862
"$4\times2,\;(3,3)$",392,10.0,0.9998859136208537,0.6488411229345958,1.5410335107900424
"$4\times2,\;(3,3)$",392,10.25,0.9998764191951325,0.6406708007237144,1.5606711248048957
"$4\times2,\;(3,3)$",392,10.5,0.9998664332228401,0.632699986982664,1.5803168228139008
"$4\times2,\;(3,3)$",392,10.75,0.9998560149194468,0.6249257449628458,1.599959711979688
"$4\times2,\;(3,3)$",392,11.0,0.9998451869976561,0.6173448123520213,1.6195895178714583
"$4\times2,\;(3,3)$",392,11.25,0.9998339694103506,0.6099536600188451,1.6391966061478502
"$4\times2,\;(3,3)$",392,11.5,0.9998223846418087,0.6027485439489149,1.6587719616732037
"$4\times2,\;(3,3)$",392,11.75,0.9998104619295768,0.5957255510039297,1.6783071671924672
"$4\times2,\;(3,3)$",392,12.0,0.9997982400646408,0.5888806390973801,1.6977943808733529
"$4\times2,\;(3,3)$",392,12.25,0.9997857787227648,0.582209672340047,1.7172263296560748
"$4\times2,\;(3,3)$",392,12.5,0.9997732263681818,0.5757084516676746,1.7365964030441174
"$4\times2,\;(3,3)$",392,12.75,0.9997619325659377,0.5693727414226534,1.7559005899507936
"$4\times2,\;(3,3)$",392,13.0,0.9997678455927173,0.5631982923219933,1.7751613583038481
"$4\times2,\;(3,3)$",392,13.25,0.9997646726949606,0.5571808612059664,1.7943270171395738
"$4\times2,\;(3,3)$",392,13.5,0.9997565925632098,0.5513162279257893,1.8133995371850065
"$4\times2,\;(3,3)$",392,13.75,0.9997523317692483,0.5456002096948898,1.8323899331496394
"$4\times2,\;(3,3)$",392,14.0,0.9997451632075669,0.5400286731967718,1.8512816315649352
"$4\times2,\;(3,3)$",392,14.25,0.9997345456100843,0.5345975447132759,1.8700694672031806
"$4\times2,\;(3,3)$",392,14.5,0.9997236571732367,0.529302818510128,1.8887555898289772
"$4\times2,\;(3,3)$",392,14.75,0.9997126657308119,0.5241405636920246,1.9073369530663244
"$4\times2,\;(3,3)$",392,15.0,0.9997016161535167,0.5191069297170025,1.9258105775981769
"$3\times3,\;(3,3)$",792,0.5,0.9999873924182774,0.16662159919744313,6.001547201772522
"$3\times3,\;(3,3)$",792,0.75,0.9999814186405417,0.16648581605475687,6.006406085138506
"$3\times3,\;(3,3)$",792,1.0,0.999974467584147,0.1662590828976277,6.014555416499386
"$3\times3,\;(3,3)$",792,1.25,0.9999672090888432,0.16594188722634273,6.026008416578389
"$3\times3,\;(3,3)$",792,1.5,0.9999560698706985,0.16553585073095245,6.0407220880263575
"$3\times3,\;(3,3)$",792,1.75,0.9999431291564661,0.16504320293965957,6.058675009609751
"$3\times3,\;(3,3)$",792,2.0,0.999936179009073,0.1644670026634112,6.079858955388671
"$3\times3,\;(3,3)$",792,2.25,0.999928391142964,0.1638110084075739,6.104158693993679
"$3\times3,\;(3,3)$",792,2.5,0.9999140908015147,0.16307959560380558,6.131448186999189
"$3\times3,\;(3,3)$",792,2.75,0.9999086707446476,0.1622776592497106,6.161714898820435
"$3\times3,\;(3,3)$",792,3.0,0.9998924102922452,0.16141051002729734,6.194716875147386
"$3\times3,\;(3,3)$",792,3.25,0.999870207608184,0.1604837685395184,6.230350998780107
"$3\times3,\;(3,3)$",792,3.5,0.9998590947260969,0.1595032583681838,6.268580999255244
"$3\times3,\;(3,3)$",792,3.75,0.9998479615724741,0.15847490482112425,6.309187960712359
"$3\times3,\;(3,3)$",792,4.0,0.9998294740796516,0.15740464020704814,6.351969502071147
"$3\times3,\;(3,3)$",792,4.25,0.9998031824443762,0.15629831870817523,6.396762234602854
"$3\times3,\;(3,3)$",792,4.5,0.999775463707596,0.1551616421218842,6.443444720198577
"$3\times3,\;(3,3)$",792,4.75,0.999746565830643,0.15400009737172404,6.491856712385472
"$3\times3,\;(3,3)$",792,5.0,0.9997207827807497,0.15281890655117403,6.541865828924617
"$3\times3,\;(3,3)$",792,5.25,0.9996943590946904,0.15162298698667598,6.593290232321697
"$3\times3,\;(3,3)$",792,5.5,0.9996669542966312,0.15041692415693497,6.645973914834514
"$3\times3,\;(3,3)$",792,5.75,0.9996463067800867,0.14920495290086566,6.699819860834438
"$3\times3,\;(3,3)$",792,6.0,0.999635978725763,0.14799095356127867,6.75471003240643
"$3\times3,\;(3,3)$",792,6.25,0.9996201087464734,0.14677844414703545,6.810401313050457
"$3\times3,\;(3,3)$",792,6.5,0.9995906977750803,0.1455705891995943,6.866707782603837
"$3\times3,\;(3,3)$",792,6.75,0.9995596004797279,0.1443702119868594,6.923586152042971
"$3\times3,\;(3,3)$",792,7.0,0.9995242640181822,0.1431798045160828,6.980902560918846
"$3\times3,\;(3,3)$",792,7.25,0.9994878681994475,0.14200154933120324,7.038570162838507
"$3\times3,\;(3,3)$",792,7.5,0.999452262587804,0.14083733596948556,7.096500765992547
"$3\times3,\;(3,3)$",792,7.75,0.9994134674385435,0.13968878202180268,7.154572135094962
"$3\times3,\;(3,3)$",792,8.0,0.999373185064093,0.13855725816948106,7.212709014793548
"$3\times3,\;(3,3)$",792,8.25,0.9993321858822732,0.13744390224858183,7.2708368253025535
"$3\times3,\;(3,3)$",792,8.5,0.9992906184147716,0.1363496496515011,7.328882919529895
"$3\times3,\;(3,3)$",792,8.75,0.9992487268613673,0.13527524325482054,7.386781962602452
"$3\times3,\;(3,3)$",792,9.0,0.9992151239980575,0.13422126258007294,7.444536765566123
"$3\times3,\;(3,3)$",792,9.25,0.9991830618170999,0.1331881334616426,7.502042680888375
"$3\times3,\;(3,3)$",792,9.5,0.9991433178672197,0.13217615152943074,7.559179975403864
"$3\times3,\;(3,3)$",792,9.75,0.9991039528781381,0.1311854929604308,7.615963704001141
"$3\times3,\;(3,3)$",792,10.0,0.9990693607332478,0.13021623407225236,7.672387147818296
"$3\times3,\;(3,3)$",792,10.25,0.9990295514827218,0.1292683586248159,7.7283378710042365
"$3\times3,\;(3,3)$",792,10.5,0.9989886897426978,0.12834177717029327,7.783815307599851
"$3\times3,\;(3,3)$",792,10.75,0.9989477702447327,0.12743632992110976,7.838798958375037
"$3\times3,\;(3,3)$",792,11.0,0.9989068533046727,0.12655180375884278,7.893264446931079
"$3\times3,\;(3,3)$",792,11.25,0.9988659725286344,0.12568793545699974,7.947190546942874
"$3\times3,\;(3,3)$",792,11.5,0.9988251593824218,0.12484442201252421,8.000558961955234
"$3\times3,\;(3,3)$",792,11.75,0.9987844441913587,0.12402092852971935,8.05335402687312
"$3\times3,\;(3,3)$",792,12.0,0.9987438561764825,0.12321709129786296,8.105562675247183
"$3\times3,\;(3,3)$",792,12.25,0.9987034229533769,0.12243252699846385,8.157173975228883
"$3\times3,\;(3,3)$",792,12.5,0.9986631705398653,0.1216668335876141,8.208179181557421
"$3\times3,\;(3,3)$",792,12.75,0.9986231232476094,0.12091959748384096,8.258571348462022
"$3\times3,\;(3,3)$",792,13.0,0.9985833036720498,0.1201903960662799,8.308345228527024
"$3\times3,\;(3,3)$",792,13.25,0.9985437327430475,0.11947880041423586,8.35749713991999
"$3\times3,\;(3,3)$",792,13.5,0.998504429565007,0.11878437647711881,8.406024926664887
"$3\times3,\;(3,3)$",792,13.75,0.9984654118068346,0.11810669219487135,8.453927489218023
"$3\times3,\;(3,3)$",792,14.0,0.9984266956375256,0.11744531565222771,8.501204923268366
"$3\times3,\;(3,3)$",792,14.25,0.9983882958517395,0.11679981673415518,8.547858410806786
"$3\times3,\;(3,3)$",792,14.5,0.9983502263915084,0.11616976946518609,8.59389005407896
"$3\times3,\;(3,3)$",792,14.75,0.9983125008452165,0.11555475464631926,8.639302674310299
"$3\times3,\;(3,3)$",792,15.0,0.9982751388355336,0.11495435820809685,8.684099971472154
"$3\times3,\;(4,3)$",1176,0.5,0.9999960403362932,0.3330060530381369,3.0029365268677877
"$3\times3,\;(4,3)$",1176,0.75,0.9999933822757273,0.3320177573936114,3.0118671667618733
"$3\times3,\;(4,3)$",1176,1.0,0.9999829257589595,0.3303680226085808,3.0268756578288354
"$3\times3,\;(4,3)$",1176,1.25,0.9999665538867111,0.32806906956212956,3.048036668684909
"$3\times3,\;(4,3)$",1176,1.5,0.999945040610038,0.32514559236955276,3.0753762747413296
"$3\times3,\;(4,3)$",1176,1.75,0.9999107973911009,0.3216339254742171,3.1088474137696522
"$3\times3,\;(4,3)$",1176,2.0,0.9998743380850508,0.3175806068256879,3.1484111957562226
"$3\times3,\;(4,3)$",1176,2.25,0.9998217849120216,0.3130404543021055,3.1939059989579657
"$3\times3,\;(4,3)$",1176,2.5,0.9997339822040898,0.3080743265827397,3.245106443284201
"$3\times3,\;(4,3)$",1176,2.75,0.9996187442396055,0.30274674572809057,3.301831508826208
"$3\times3,\;(4,3)$",1176,3.0,0.999472330414784,0.29712356845557775,3.3638271632572048
"$3\times3,\;(4,3)$",1176,3.25,0.9992914005278488,0.2912698570272225,3.4308095273808354
"$3\times3,\;(4,3)$",1176,3.5,0.9990735713492258,0.2852480674928519,3.5024727078098845
"$3\times3,\;(4,3)$",1176,3.75,0.998819124545897,0.2791166097203477,3.578501206168394
"$3\times3,\;(4,3)$",1176,4.0,0.9985475743325704,0.272928825463121,3.6586372752609715
"$3\times3,\;(4,3)$",1176,4.25,0.9982350844722426,0.2667323366930152,3.742459938860435
"$3\times3,\;(4,3)$",1176,4.5,0.9978919969882358,0.2605687326840227,3.8296689963884667
"$3\times3,\;(4,3)$",1176,4.75,0.997519838672888,0.25447357006607874,3.9199349402527877
"$3\times3,\;(4,3)$",1176,5.0,0.9971200591863368,0.24847655612427433,4.01293415660362
"$3\times3,\;(4,3)$",1176,5.25,0.9966961892009352,0.24260193028342314,4.108360506598323
"$3\times3,\;(4,3)$",1176,5.5,0.9966931822744008,0.23686892895576672,4.207783547923776
"$3\times3,\;(4,3)$",1176,5.75,0.9962576921793448,0.23129226888786691,4.307354054546206
"$3\times3,\;(4,3)$",1176,6.0,0.9958003884327313,0.22588275540369307,4.408483448207709
"$3\times3,\;(4,3)$",1176,6.25,0.9953234092835538,0.22064778498569293,4.510915028438159
"$3\times3,\;(4,3)$",1176,6.5,0.994829026958423,0.21559185548756776,4.614409132982254
"$3\times3,\;(4,3)$",1176,6.75,0.994319599008667,0.21071704029585403,4.718743190453927
"$3\times3,\;(4,3)$",1176,7.0,0.9937974931120701,0.20602342301633136,4.82371120022257
"$3\times3,\;(4,3)$",1176,7.25,0.9932650158203459,0.20150946558719418,4.929123368602032
"$3\times3,\;(4,3)$",1176,7.5,0.99272435763246,0.19717233878563323,5.034805408033198
"$3\times3,\;(4,3)$",1176,7.75,0.9921775562900919,0.1930082133449551,5.140597589579343
"$3\times3,\;(4,3)$",1176,8.0,0.9916264864359174,0.1890124893894074,5.246354299862949
"$3\times3,\;(4,3)$",1176,8.25,0.9910728751674233,0.1851800064866621,5.351943192845751
"$3\times3,\;(4,3)$",1176,8.5,0.9905183518570367,0.18150521187181723,5.457244679874876
"$3\times3,\;(4,3)$",1176,8.75,0.9902195797711155,0.17798229582560277,5.563584710365739
"$3\times3,\;(4,3)$",1176,9.0,0.9897209976912682,0.1746053063716838,5.668332871765309
"$3\times3,\;(4,3)$",1176,9.25,0.9892249178853132,0.1713682437178322,5.772510101195468
"$3\times3,\;(4,3)$",1176,9.5,0.9887340477425894,0.16826512282380368,5.876048649594055
"$3\times3,\;(4,3)$",1176,9.75,0.9883008408980369,0.16529004425381744,5.979191580228594
"$3\times3,\;(4,3)$",1176,10.0,0.9878411405976885,0.1624372212857148,6.081371823396009
"$3\times3,\;(4,3)$",1176,10.25,0.9873868839858403,0.15970102707105027,6.182720938585801
"$3\times3,\;(4,3)$",1176,10.5,0.9869384141920743,0.1570760090419776,6.2831900314472655
"$3\times3,\;(4,3)$",1176,10.75,0.9864960030030355,0.15455690743965755,6.382736425987208
"$3\times3,\;(4,3)$",1176,11.0,0.9860599020384148,0.15213866979017787,6.4813232782851316
"$3\times3,\;(4,3)$",1176,11.25,0.985630335095679,0.1498164514565391,6.5789192409326605
"$3\times3,\;(4,3)$",1176,11.5,0.9852074971893654,0.14758562492977512,6.675497682502286
"$3\times3,\;(4,3)$",1176,11.75,0.9847915553137107,0.14544177430684146,6.771036450889797
"$3\times3,\;(4,3)$",1176,12.0,0.9843826496237631,0.1433806923909039,6.865517478043735
"$3\times3,\;(4,3)$",1176,12.25,0.9839809029977897,0.1413983786574261,6.958926349373045
"$3\times3,\;(4,3)$",1176,12.5,0.983586431336001,0.13949103336699376,7.0512520238360805
"$3\times3,\;(4,3)$",1176,12.75,0.9831993697395267,0.137655046676036,7.1424869155246835
"$3\times3,\;(4,3)$",1176,13.0,0.9828199494835875,0.13588699978906915,7.232626748763102
"$3\times3,\;(4,3)$",1176,13.25,0.9824549448950514,0.13418363793145072,7.3217193991785345
"$3\times3,\;(4,3)$",1176,13.5,0.9821000785866534,0.13254196152283004,7.40972947210751
"$3\times3,\;(4,3)$",1176,13.75,0.9817505914517597,0.13095893743040476,7.496629177932124
"$3\times3,\;(4,3)$",1176,14.0,0.9814080251835918,0.12943189186627957,7.5824281869998265
"$3\times3,\;(4,3)$",1176,14.25,0.981072281185321,0.12795820011111791,7.667130987567544
"$3\times3,\;(4,3)$",1176,14.5,0.9807432586030425,0.1265353913290529,7.750742683939216
"$3\times3,\;(4,3)$",1176,14.75,0.9804208552863309,0.12516113333171197,7.833269236128933
"$3\times3,\;(4,3)$",1176,15.0,0.9801049683990093,0.12383321047789986,7.914718229597429
"$3\times3,\;(4,4)$",1764,0.5,0.9999963538397582,0.24947748924493296,4.0083630666091
"$3\times3,\;(4,4)$",1764,0.75,0.9999842439331519,0.24793690794632184,4.033220597191797
"$3\times3,\;(4,4)$",1764,1.0,0.9999601344895717,0.2454384477530499,4.074178856833753
"$3\times3,\;(4,4)$",1764,1.25,0.9999194938071029,0.24206533309587086,4.130783541033036
"$3\times3,\;(4,4)$",1764,1.5,0.9998574409502683,0.2379185067702022,4.202520663581661
"$3\times3,\;(4,4)$",1764,1.75,0.9997747326322758,0.23311051631219282,4.288844400710474
"$3\times3,\;(4,4)$",1764,2.0,0.9996748183214672,0.22775930794913002,4.389172180593139
"$3\times3,\;(4,4)$",1764,2.25,0.9995538244347528,0.22198254002631745,4.502848847104143
"$3\times3,\;(4,4)$",1764,2.5,0.999407379042615,0.2158928334285577,4.6291827439160205
"$3\times3,\;(4,4)$",1764,2.75,0.9992316418702005,0.20959419698590354,4.767458528145246
"$3\times3,\;(4,4)$",1764,3.0,0.9990238382202774,0.20317964995634663,4.916948318568906
"$3\times3,\;(4,4)$",1764,3.25,0.9987816683978918,0.19672995713092822,5.076917023537906
"$3\times3,\;(4,4)$",1764,3.5,0.9985037937262752,0.19031328036705109,5.246632246580444
"$3\times3,\;(4,4)$",1764,3.75,0.9981890487725104,0.18398553972663856,5.425366853588583
"$3\times3,\;(4,4)$",1764,4.0,0.9978368845601538,0.17779125148688357,5.612407113483695
"$3\times3,\;(4,4)$",1764,4.25,0.9974477063276956,0.17176467685167773,5.807059545712137
"$3\times3,\;(4,4)$",1764,4.5,0.9970222412447421,0.1659311026907515,6.008651934911255
"$3\times3,\;(4,4)$",1764,4.75,0.9965614994074702,0.1603081610615722,6.216536281173511
"$3\times3,\;(4,4)$",1764,5.0,0.9960670051654295,0.1549070911315782,6.430093018268411
"$3\times3,\;(4,4)$",1764,5.25,0.9955222465762698,0.14973391067192643,6.648609136760628
"$3\times3,\;(4,4)$",1764,5.5,0.9948988145865384,0.14479043760230437,6.8713019385936605
"$3\times3,\;(4,4)$",1764,5.75,0.9943388412737864,0.14007523531835064,7.098605538758801
"$3\times3,\;(4,4)$",1764,6.0,0.9937722913597079,0.1355843199545249,7.329551763013746
"$3\times3,\;(4,4)$",1764,6.25,0.9931966243178068,0.1313118333900518,7.563649053376566
"$3\times3,\;(4,4)$",1764,6.5,0.9926149312803747,0.1272505790184889,7.800474771404792
"$3\times3,\;(4,4)$",1764,6.75,0.9920300184725304,0.1233924306683929,8.039634304137588
"$3\times3,\;(4,4)$",1764,7.0,0.9914436500247295,0.11972867733752213,8.280753384001661
"$3\times3,\;(4,4)$",1764,7.25,0.9908573494364179,0.11625029052846514,8.523482779544501
"$3\times3,\;(4,4)$",1764,7.5,0.9902723851166545,0.11294813098706169,8.767496871905664
"$3\times3,\;(4,4)$",1764,7.75,0.989689848555784,0.1098131071745827,9.012492898341895
"$3\times3,\;(4,4)$",1764,8.0,0.9891106990984389,0.10683629102800007,9.25819016722706
"$3\times3,\;(4,4)$",1764,8.25,0.9885358484411911,0.10400900453172779,9.504329484661492
"$3\times3,\;(4,4)$",1764,8.5,0.9879660561711989,0.10132287920810856,9.750670962892801
"$3\times3,\;(4,4)$",1764,8.75,0.9874020892295594,0.09876989571342187,9.996994348303042
"$3\times3,\;(4,4)$",1764,9.0,0.986844488712447,0.09634240802339045,10.24309552728697
"$3\times3,\;(4,4)$",1764,9.25,0.9862938227610917,0.09403315553282887,10.488787887339978
"$3\times3,\;(4,4)$",1764,9.5,0.9857504949353162,0.0918352662518429,10.73389924336975
"$3\times3,\;(4,4)$",1764,9.75,0.9852148708890146,0.08974225324736174,10.97827205400571
"$3\times3,\;(4,4)$",1764,10.0,0.984687235292044,0.08774800599043298,11.221761955472845
"$3\times3,\;(4,4)$",1764,10.25,0.9841678145670031,0.08584677807656727,11.46423705836948
"$3\times3,\;(4,4)$",1764,10.5,0.9836567781027863,0.08403317250867082,11.705577080304678
"$3\times3,\;(4,4)$",1764,10.75,0.9831542396875561,0.08230212608422438,11.945672444493587
"$3\times3,\;(4,4)$",1764,11.0,0.9826603091135335,0.0806488938412463,12.184423893622844
"$3\times3,\;(4,4)$",1764,11.25,0.9821750217953462,0.07906902665494309,12.421741652158614
"$3\times3,\;(4,4)$",1764,11.5,0.981698403202545,0.07755836209823697,12.657544288507617
"$3\times3,\;(4,4)$",1764,11.75,0.9812304487196397,0.07611300073806326,12.8917588218137
"$3\times3,\;(4,4)$",1764,12.0,0.9807711301016117,0.0747292925061167,13.12431975749448
"$3\times3,\;(4,4)$",1764,12.25,0.9803203936240547,0.0734038205224653,13.35516852728431
"$3\times3,\;(4,4)$",1764,12.5,0.9798781680250358,0.07213338583836015,13.584253070011053
"$3\times3,\;(4,4)$",1764,12.75,0.9794443723462659,0.07091499324538386,13.81152740094242
"$3\times3,\;(4,4)$",1764,13.0,0.9790189076302989,0.06974583741401608,14.036951077363591
"$3\times3,\;(4,4)$",1764,13.25,0.9786016629818615,0.06862329042648618,14.260488777206106
"$3\times3,\;(4,4)$",1764,13.5,0.9781925191193452,0.0675448895320917,14.482109984865541
"$3\times3,\;(4,4)$",1764,13.75,0.9777913493945578,0.06650832594772149,14.701788617610754
"$3\times3,\;(4,4)$",1764,14.0,0.9773980201846489,0.06551143446922214,14.919502650240995
"$3\times3,\;(4,4)$",1764,14.25,0.9770123921062731,0.0645521835014784,15.135233838897133
"$3\times3,\;(4,4)$",1764,14.5,0.9766343225772067,0.06362866609482376,15.348967415437563
"$3\times3,\;(4,4)$",1764,14.75,0.9762636658425399,0.06273909131617572,15.560691832825995
"$3\times3,\;(4,4)$",1764,15.0,0.975900275192468,0.06188177646193249,15.770398508077864
"$3\times3,\;(5,4)$",1764,0.5,0.9999999849844053,0.9987249353372347,1.0012766774935284
"$3\times3,\;(5,4)$",1764,0.75,0.999999882390766,0.9948846522733511,1.0051415308354856
"$3\times3,\;(5,4)$",1764,1.0,0.9999994582118819,0.9884747636142969,1.0116590681136317
"$3\times3,\;(5,4)$",1764,1.25,0.9999983029262762,0.979515915468135,1.020910724506556
"$3\times3,\;(5,4)$",1764,1.5,0.9999957697252438,0.9680538040733282,1.0329960643897187
"$3\times3,\;(5,4)$",1764,1.75,0.9999909432880134,0.954158038199608,1.048034920058827
"$3\times3,\;(5,4)$",1764,2.0,0.9999825657520862,0.9379197951065453,1.0661706586952786
"$3\times3,\;(5,4)$",1764,2.25,0.9999689432264396,0.9194484161056226,1.087574817369164
"$3\times3,\;(5,4)$",1764,2.5,0.9999478093729247,0.8988672030662326,1.1124533256546507
"$3\times3,\;(5,4)$",1764,2.75,0.9999162492925366,0.8763088857727478,1.1410545591019419
"$3\times3,\;(5,4)$",1764,3.0,0.999870727432518,0.8519112994578557,1.1736793819600957
"$3\times3,\;(5,4)$",1764,3.25,0.9998071361439769,0.8258139093458323,1.210693020339138
"$3\times3,\;(5,4)$",1764,3.5,0.9997198125749809,0.7981557376456749,1.2525372748980803
"$3\times3,\;(5,4)$",1764,3.75,0.9995995930260705,0.7690752398367988,1.2997422634984193
"$3\times3,\;(5,4)$",1764,4.0,0.9994420318179033,0.7387124577634162,1.3529513700687983
"$3\times3,\;(5,4)$",1764,4.25,0.9992414976051367,0.7072134319231917,1.4129277704579304
"$3\times3,\;(5,4)$",1764,4.5,0.9989870340091271,0.6747365590712414,1.4805586277764595
"$3\times3,\;(5,4)$",1764,4.75,0.9986685718325579,0.6414599997679253,1.5568680388393157
"$3\times3,\;(5,4)$",1764,5.0,0.9982751350061136,0.6075887708196688,1.643011166350867
"$3\times3,\;(5,4)$",1764,5.25,0.9978057617570373,0.5733597386326134,1.740278736935159
"$3\times3,\;(5,4)$",1764,5.5,0.9972688833216354,0.5390426279663387,1.8500742456752628
"$3\times3,\;(5,4)$",1764,5.75,0.9966520109072761,0.5049355476390703,1.9738202540251462
"$3\times3,\;(5,4)$",1764,6.0,0.9959439054888541,0.47135448684559567,2.1129403310742245
"$3\times3,\;(5,4)$",1764,6.25,0.9951615820868263,0.4386176042849719,2.2688591893367445
"$3\times3,\;(5,4)$",1764,6.5,0.994315957111252,0.40702652419179075,2.442877547318589
"$3\times3,\;(5,4)$",1764,6.75,0.9934047956728608,0.37684776243950013,2.636090471234638
"$3\times3,\;(5,4)$",1764,7.0,0.992432506097127,0.3482974578439386,2.8493819973323076
"$3\times3,\;(5,4)$",1764,7.25,0.9914172166730294,0.3215317465789058,3.0834193737374225
"$3\times3,\;(5,4)$",1764,7.5,0.9903704791328573,0.296643725503172,3.3385856297920156
"$3\times3,\;(5,4)$",1764,7.75,0.9892983657383927,0.2736665204346608,3.6149776895146095
"$3\times3,\;(5,4)$",1764,8.0,0.9882137136816187,0.25258094814372345,3.9124633941880127
"$3\times3,\;(5,4)$",1764,8.25,0.9871295703279775,0.23332582943071978,4.230691358673948
"$3\times3,\;(5,4)$",1764,8.5,0.9860502327894726,0.2158091147537199,4.5690852025168045
"$3\times3,\;(5,4)$",1764,8.75,0.9849875556927556,0.19991841770499108,4.9269475369010225
"$3\times3,\;(5,4)$",1764,9.0,0.9839599866139639,0.18553009202630721,5.303506163703317
"$3\times3,\;(5,4)$",1764,9.25,0.9829725105825244,0.17251647450140362,5.69784719646892
"$3\times3,\;(5,4)$",1764,9.5,0.982022804204138,0.16075127229298403,6.1089582072750925
"$3\times3,\;(5,4)$",1764,9.75,0.9811160559312212,0.15011328812756153,6.535837487601363
"$3\times3,\;(5,4)$",1764,10.0,0.9802509645233732,0.1404887755084172,6.977432616776155
"$3\times3,\;(5,4)$",1764,10.25,0.9794237641781782,0.131772735506564,7.432673841163374
"$3\times3,\;(5,4)$",1764,10.5,0.9786323718915183,0.12386944040836023,7.900514999222263
"$3\times3,\;(5,4)$",1764,10.75,0.9778755179592553,0.11669242285789805,8.379940136730738
"$3\times3,\;(5,4)$",1764,11.0,0.9771520058979056,0.11016411735102083,8.869966277534479
"$3\times3,\;(5,4)$",1764,11.25,0.9764605687529675,0.10421529387182993,9.369647510219334
"$3\times3,\;(5,4)$",1764,11.5,0.9757998655912494,0.09878438310568627,9.878078243878612
"$3\times3,\;(5,4)$",1764,11.75,0.9751685136946558,0.09381676155562868,10.394395388679339
"$3\times3,\;(5,4)$",1764,12.0,0.9745651096820446,0.0892640413500958,10.917779376129475
"$3\times3,\;(5,4)$",1764,12.25,0.9739882599614256,0.08508339209975502,11.447454502278006
"$3\times3,\;(5,4)$",1764,12.5,0.9734366014341137,0.08123691051701376,11.98268859855574
"$3\times3,\;(5,4)$",1764,12.75,0.972908801741464,0.07769104516782788,12.522792036582729
"$3\times3,\;(5,4)$",1764,13.0,0.9724035725890852,0.07441607851314114,13.067116569672082
"$3\times3,\;(5,4)$",1764,13.25,0.9719196886211893,0.07138566490521447,13.615054085602472
"$3\times3,\;(5,4)$",1764,13.5,0.9714559515334806,0.06857642207306147,14.16603436234234
"$3\times3,\;(5,4)$",1764,13.75,0.9710112127905105,0.06596756976663232,14.719523793669703
"$3\times3,\;(5,4)$",1764,14.0,0.9705840372700654,0.06354061450692527,15.275018109311512
"$3\times3,\;(5,4)$",1764,14.25,0.9701475977069791,0.061279072032657256,15.831630041492167
"$3\times3,\;(5,4)$",1764,14.5,0.9696444981601414,0.05916822519171694,16.387926036623515
"$3\times3,\;(5,4)$",1764,14.75,0.9691721965365603,0.057194913593533014,16.945076679793146
"$3\times3,\;(5,4)$",1764,15.0,0.9686682302861831,0.05534734675928621,17.50161998729703
"$4\times3,\;(5,4)$",32670,0.5,0.9999999732162008,0.9985247944312864,1.0014773581919463
"$4\times3,\;(5,4)$",32670,0.75,0.9999996385796068,0.9941706997574171,1.0058631166897314
"$4\times3,\;(5,4)$",32670,1.0,0.9999985762795107,0.9870668376909506,1.0131011782533506
"$4\times3,\;(5,4)$",32670,1.25,0.9999960494576363,0.977368903808723,1.0231510799665686
"$4\times3,\;(5,4)$",32670,1.5,0.9999907606595145,0.9652556718327787,1.0359853765591271
"$4\times3,\;(5,4)$",32670,1.75,0.999981137279156,0.950925229510309,1.0515875552004326
"$4\times3,\;(5,4)$",32670,2.0,0.9999654044676969,0.934591053516962,1.0699496862341282
"$4\times3,\;(5,4)$",32670,2.25,0.9999417405724463,0.9164780047332406,1.0910700915986518
"$4\times3,\;(5,4)$",32670,2.5,0.9999068875807899,0.8968183044351301,1.1149492407055532
"$4\times3,\;(5,4)$",32670,2.75,0.9998579599404724,0.8758475419807439,1.1415890460562086
"$4\times3,\;(5,4)$",32670,3.0,0.9997919416451992,0.8538007667596885,1.1709897444102455
"$4\times3,\;(5,4)$",32670,3.25,0.9997053645870042,0.8309087286982496,1.2031470245272322
"$4\times3,\;(5,4)$",32670,3.5,0.9995944146698581,0.807394346822597,1.2380498062732805
"$4\times3,\;(5,4)$",32670,3.75,0.9994561650125702,0.7834694976257607,1.275679739978824
"$4\times3,\;(5,4)$",32670,4.0,0.9992879348776122,0.7593322185596734,1.3160088699687928
"$4\times3,\;(5,4)$",32670,4.25,0.9990860548768951,0.7351644135965864,1.3589967582749902
"$4\times3,\;(5,4)$",32670,4.5,0.9988487910825354,0.7111301272687267,1.404593551561181
"$4\times3,\;(5,4)$",32670,4.75,0.9985748151197327,0.6873744235413725,1.4527378106026219
"$4\times3,\;(5,4)$",32670,5.0,0.9982618582478178,0.6640228708559749,1.5033546313863917
"$4\times3,\;(5,4)$",32670,5.25,0.9979092561633129,0.641181599894197,1.5563597837616996
"$4\times3,\;(5,4)$",32670,5.5,0.9975174700498098,0.6189378706970472,1.6116600991411412
"$4\times3,\;(5,4)$",32670,5.75,0.9970871396195383,0.5973610639559526,1.669153213663521
"$4\times3,\;(5,4)$",32670,6.0,0.9966193784661608,0.5765039990467957,1.728729341191029
"$4\times3,\;(5,4)$",32670,6.25,0.9961157618258164,0.5564044785201605,1.7902727247543597
"$4\times3,\;(5,4)$",32670,6.5,0.9955782443680532,0.5370869638639616,1.8536630217303554
"$4\times3,\;(5,4)$",32670,6.75,0.9950090836786577,0.5185642982870209,1.9187766820150984
"$4\times3,\;(5,4)$",32670,7.0,0.9944107678040766,0.5008394067115735,1.985488271246883
"$4\times3,\;(5,4)$",32670,7.25,0.9937859949231158,0.48390691898586,2.05367180325883
"$4\times3,\;(5,4)$",32670,7.5,0.993137584138557,0.4677546778428483,2.1232018217725273
"$4\times3,\;(5,4)$",32670,7.75,0.9924682626352705,0.4523651071640439,2.193954058166042
"$4\times3,\;(5,4)$",32670,8.0,0.991782243496709,0.4377164279819543,2.265809963014678
"$4\times3,\;(5,4)$",32670,8.25,0.9910794460395678,0.4237837191072422,2.33864445790275
"$4\times3,\;(5,4)$",32670,8.5,0.9903629276204742,0.41053982633543207,2.412343125052372
"$4\times3,\;(5,4)$",32670,8.75,0.9896357975328425,0.3979561291049165,2.486796219871604
"$4\times3,\;(5,4)$",32670,9.0,0.9889004705041465,0.3860031765763321,2.5618972343057687
"$4\times3,\;(5,4)$",32670,9.25,0.988159158669826,0.3746512067490875,2.6375443101978817
"$4\times3,\;(5,4)$",32670,9.5,0.9874139178764744,0.3638705627766926,2.7136405603727014
"$4\times3,\;(5,4)$",32670,9.75,0.9866666507859205,0.3536320204013772,2.790094204891402
"$4\times3,\;(5,4)$",32670,10.0,0.9859190992661527,0.34390703966113256,2.8668186037646226
"$4\times3,\;(5,4)$",32670,10.25,0.9851728588871236,0.33466795293530915,2.9437322882169004
"$4\times3,\;(5,4)$",32670,10.5,0.9844294014177398,0.3258881001444818,3.0207589690488703
"$4\times3,\;(5,4)$",32670,10.75,0.9836901487115304,0.3175419206192065,3.0978276719915763
"$4\times3,\;(5,4)$",32670,11.0,0.9829574479234442,0.3096050098773504,3.1748757822518487
"$4\times3,\;(5,4)$",32670,11.25,0.9822511804643311,0.3020541483505901,3.25190428877754
"$4\times3,\;(5,4)$",32670,11.5,0.9815315865302288,0.29486730800525285,3.328722987876104
"$4\times3,\;(5,4)$",32670,11.75,0.9808191524469809,0.2880236418247848,3.4053425136664606
"$4\times3,\;(5,4)$",32670,12.0,0.9801150993152576,0.2815034602631993,3.481715991692864
"$4\times3,\;(5,4)$",32670,12.25,0.9794199943266035,0.2752881980373941,3.557798704445596
"$4\times3,\;(5,4)$",32670,12.5,0.9787343142685181,0.2693603739939512,3.633549730260238
"$4\times3,\;(5,4)$",32670,12.75,0.9780584558397312,0.2637035462497428,3.7089317521481195
"$4\times3,\;(5,4)$",32670,13.0,0.9773927862037112,0.25830226435905024,3.7839110262118996
"$4\times3,\;(5,4)$",32670,13.25,0.9768080123722223,0.2531420198888178,3.858735159027509
"$4\times3,\;(5,4)$",32670,13.5,0.9761782533545048,0.24820919647463724,3.9328851115081616
"$4\times3,\;(5,4)$",32670,13.75,0.975546543907144,0.24349102018328006,4.006499061742945
"$4\times3,\;(5,4)$",32670,14.0,0.9749255031802183,0.2389755108006063,4.079604223520901
"$4\times3,\;(5,4)$",32670,14.25,0.9743151849820588,0.23465143450231696,4.152180816829562
"$4\times3,\;(5,4)$",32670,14.5,0.9737156010057529,0.23050825823092946,4.224211351379256
"$4\times3,\;(5,4)$",32670,14.75,0.9731267303258145,0.22653610600030027,4.2956804877917545
"$4\times3,\;(5,4)$",32670,15.0,0.9725485232967738,0.2227257172647873,4.366574885200887
