system_size,U,sparsity,overlap
"$3\times 2\;(2,2)$",0.5,1.6641845703125,0.99
"$3\times 2\;(2,2)$",0.75,1.306396484375,0.99
"$3\times 2\;(2,2)$",1.0,1.150390625,0.99
"$3\times 2\;(2,2)$",1.25,1.07421875,0.99
"$3\times 2\;(2,2)$",1.5,1.0335693359375,0.99
"$3\times 2\;(2,2)$",1.75,1.0079345703125,0.99
"$3\times 2\;(2,2)$",2.0,0.990081787109375,0.99
"$3\times 2\;(2,2)$",2.25,0.97589111328125,0.99
"$3\times 2\;(2,2)$",2.5,0.96453857421875,0.99
"$3\times 2\;(2,2)$",2.75,0.955291748046875,0.99
"$3\times 2\;(2,2)$",3.0,0.947601318359375,0.99
"$3\times 2\;(2,2)$",3.25,0.938995361328125,0.99
"$3\times 2\;(2,2)$",3.5,0.93267822265625,0.99
"$3\times 2\;(2,2)$",3.75,0.925262451171875,0.99
"$3\times 2\;(2,2)$",4.0,0.921234130859375,0.99
"$3\times 2\;(2,2)$",4.25,0.915191650390625,0.99
"$3\times 2\;(2,2)$",4.5,0.909515380859375,0.99
"$3\times 2\;(2,2)$",4.75,0.90411376953125,0.99
"$3\times 2\;(2,2)$",5.0,0.90191650390625,0.99
"$3\times 2\;(2,2)$",5.25,0.8966064453125,0.99
"$3\times 2\;(2,2)$",5.5,0.8915252685546875,0.99
"$3\times 2\;(2,2)$",5.75,0.886260986328125,0.99
"$3\times 2\;(2,2)$",6.0,0.885162353515625,0.99
"$3\times 2\;(2,2)$",6.25,0.883148193359375,0.99
"$3\times 2\;(2,2)$",6.5,0.8804931640625,0.99
"$3\times 2\;(2,2)$",6.75,0.87701416015625,0.99
"$3\times 2\;(2,2)$",7.0,0.8725738525390625,0.99
"$3\times 2\;(2,2)$",7.25,0.8695068359375,0.99
"$3\times 2\;(2,2)$",7.5,0.866668701171875,0.99
"$3\times 2\;(2,2)$",7.75,0.863739013671875,0.99
"$3\times 2\;(2,2)$",8.0,0.8634185791015625,0.99
"$3\times 2\;(2,2)$",8.25,0.860809326171875,0.99
"$3\times 2\;(2,2)$",8.5,0.8590240478515625,0.99
"$3\times 2\;(2,2)$",8.75,0.86163330078125,0.99
"$3\times 2\;(2,2)$",9.0,0.8591156005859375,0.99
"$3\times 2\;(2,2)$",9.25,0.8591156005859375,0.99
"$3\times 2\;(2,2)$",9.5,0.859893798828125,0.99
"$3\times 2\;(2,2)$",9.75,0.8593902587890625,0.99
"$3\times 2\;(2,2)$",10.0,0.858062744140625,0.99
"$3\times 2\;(2,2)$",10.25,0.855499267578125,0.99
"$3\times 2\;(2,2)$",10.5,0.8545379638671875,0.99
"$3\times 2\;(2,2)$",10.75,0.8536224365234375,0.99
"$3\times 2\;(2,2)$",11.0,0.8530731201171875,0.99
"$3\times 2\;(2,2)$",11.25,0.8544464111328125,0.99
"$3\times 2\;(2,2)$",11.5,0.852752685546875,0.99
"$3\times 2\;(2,2)$",11.75,0.852020263671875,0.99
"$3\times 2\;(2,2)$",12.0,0.8512420654296875,0.99
"$3\times 2\;(2,2)$",12.25,0.850372314453125,0.99
"$3\times 2\;(2,2)$",12.5,0.8496856689453125,0.99
"$3\times 2\;(2,2)$",12.75,0.8523406982421875,0.99
"$3\times 2\;(2,2)$",13.0,0.8513336181640625,0.99
"$3\times 2\;(2,2)$",13.25,0.8504638671875,0.99
"$3\times 2\;(2,2)$",13.5,0.8497772216796875,0.99
"$3\times 2\;(2,2)$",13.75,0.8502349853515625,0.99
"$3\times 2\;(2,2)$",14.0,0.84954833984375,0.99
"$3\times 2\;(2,2)$",14.25,0.849365234375,0.99
"$3\times 2\;(2,2)$",14.5,0.8486785888671875,0.99
"$3\times 2\;(2,2)$",14.75,0.8481292724609375,0.99
"$3\times 2\;(2,2)$",15.0,0.847259521484375,0.99
"$3\times 2,\;(3,2)$",0.5,NaN,0.99
"$3\times 2,\;(3,2)$",0.75,NaN,0.99
"$3\times 2,\;(3,2)$",1.0,NaN,0.99
"$3\times 2,\;(3,2)$",1.25,1.04052734375,0.99
"$3\times 2,\;(3,2)$",1.5,0.9306640625,0.99
"$3\times 2,\;(3,2)$",1.75,0.87774658203125,0.99
"$3\times 2,\;(3,2)$",2.0,0.85009765625,0.99
"$3\times 2,\;(3,2)$",2.25,0.838836669921875,0.99
"$3\times 2,\;(3,2)$",2.5,0.825103759765625,0.99
"$3\times 2,\;(3,2)$",2.75,0.820526123046875,0.99
"$3\times 2,\;(3,2)$",3.0,0.824554443359375,0.99
"$3\times 2,\;(3,2)$",3.25,0.820343017578125,0.99
"$3\times 2,\;(3,2)$",3.5,0.815948486328125,0.99
"$3\times 2,\;(3,2)$",3.75,0.8138427734375,0.99
"$3\times 2,\;(3,2)$",4.0,0.80999755859375,0.99
"$3\times 2,\;(3,2)$",4.25,0.80743408203125,0.99
"$3\times 2,\;(3,2)$",4.5,0.80596923828125,0.99
"$3\times 2,\;(3,2)$",4.75,0.803314208984375,0.99
"$3\times 2,\;(3,2)$",5.0,0.808441162109375,0.99
"$3\times 2,\;(3,2)$",5.25,0.805419921875,0.99
"$3\times 2,\;(3,2)$",5.5,0.797088623046875,0.99
"$3\times 2,\;(3,2)$",5.75,0.7947998046875,0.99
"$3\times 2,\;(3,2)$",6.0,0.793701171875,0.99
"$3\times 2,\;(3,2)$",6.25,0.8010711669921875,0.99
"$3\times 2,\;(3,2)$",6.5,0.7969512939453125,0.99
"$3\times 2,\;(3,2)$",6.75,0.7970428466796875,0.99
"$3\times 2,\;(3,2)$",7.0,0.795257568359375,0.99
"$3\times 2,\;(3,2)$",7.25,0.7926025390625,0.99
"$3\times 2,\;(3,2)$",7.5,0.79132080078125,0.99
"$3\times 2,\;(3,2)$",7.75,0.7948455810546875,0.99
"$3\times 2,\;(3,2)$",8.0,0.7941131591796875,0.99
"$3\times 2,\;(3,2)$",8.25,0.792694091796875,0.99
"$3\times 2,\;(3,2)$",8.5,0.7891693115234375,0.99
"$3\times 2,\;(3,2)$",8.75,0.7898101806640625,0.99
"$3\times 2,\;(3,2)$",9.0,0.789581298828125,0.99
"$3\times 2,\;(3,2)$",9.25,0.794525146484375,0.99
"$3\times 2,\;(3,2)$",9.5,0.794525146484375,0.99
"$3\times 2,\;(3,2)$",9.75,0.7910003662109375,0.99
"$3\times 2,\;(3,2)$",10.0,0.796539306640625,0.99
"$3\times 2,\;(3,2)$",10.25,0.79644775390625,0.99
"$3\times 2,\;(3,2)$",10.5,0.7936553955078125,0.99
"$3\times 2,\;(3,2)$",10.75,0.7926025390625,0.99
"$3\times 2,\;(3,2)$",11.0,0.79095458984375,0.99
"$3\times 2,\;(3,2)$",11.25,0.7911376953125,0.99
"$3\times 2,\;(3,2)$",11.5,0.787841796875,0.99
"$3\times 2,\;(3,2)$",11.75,0.7877960205078125,0.99
"$3\times 2,\;(3,2)$",12.0,0.7861480712890625,0.99
"$3\times 2,\;(3,2)$",12.25,0.78582763671875,0.99
"$3\times 2,\;(3,2)$",12.5,0.7845916748046875,0.99
"$3\times 2,\;(3,2)$",12.75,0.78289794921875,0.99
"$3\times 2,\;(3,2)$",13.0,0.7798309326171875,0.99
"$3\times 2,\;(3,2)$",13.25,0.7777252197265625,0.99
"$3\times 2,\;(3,2)$",13.5,0.77777099609375,0.99
"$3\times 2,\;(3,2)$",13.75,0.7788238525390625,0.99
"$3\times 2,\;(3,2)$",14.0,0.7785491943359375,0.99
"$3\times 2,\;(3,2)$",14.25,0.777679443359375,0.99
"$3\times 2,\;(3,2)$",14.5,0.7774505615234375,0.99
"$3\times 2,\;(3,2)$",14.75,0.776031494140625,0.99
"$3\times 2,\;(3,2)$",15.0,0.7724151611328125,0.99
"$3\times 2,\;(3,3)$",0.5,NaN,0.99
"$3\times 2,\;(3,3)$",0.75,NaN,0.99
"$3\times 2,\;(3,3)$",1.0,0.705078125,0.99
"$3\times 2,\;(3,3)$",1.25,0.541015625,0.99
"$3\times 2,\;(3,3)$",1.5,0.46337890625,0.99
"$3\times 2,\;(3,3)$",1.75,0.4344482421875,0.99
"$3\times 2,\;(3,3)$",2.0,0.41796875,0.99
"$3\times 2,\;(3,3)$",2.25,0.41265869140625,0.99
"$3\times 2,\;(3,3)$",2.5,0.4102783203125,0.99
"$3\times 2,\;(3,3)$",2.75,0.4124755859375,0.99
"$3\times 2,\;(3,3)$",3.0,0.404052734375,0.99
"$3\times 2,\;(3,3)$",3.25,0.4091796875,0.99
"$3\times 2,\;(3,3)$",3.5,0.41632080078125,0.99
"$3\times 2,\;(3,3)$",3.75,0.4022216796875,0.99
"$3\times 2,\;(3,3)$",4.0,0.417236328125,0.99
"$3\times 2,\;(3,3)$",4.25,0.412933349609375,0.99
"$3\times 2,\;(3,3)$",4.5,0.4271240234375,0.99
"$3\times 2,\;(3,3)$",4.75,0.4208984375,0.99
"$3\times 2,\;(3,3)$",5.0,0.42657470703125,0.99
"$3\times 2,\;(3,3)$",5.25,0.43170166015625,0.99
"$3\times 2,\;(3,3)$",5.5,0.42547607421875,0.99
"$3\times 2,\;(3,3)$",5.75,0.4326171875,0.99
"$3\times 2,\;(3,3)$",6.0,0.46466064453125,0.99
"$3\times 2,\;(3,3)$",6.25,0.47454833984375,0.99
"$3\times 2,\;(3,3)$",6.5,0.4765625,0.99
"$3\times 2,\;(3,3)$",6.75,0.462554931640625,0.99
"$3\times 2,\;(3,3)$",7.0,0.47802734375,0.99
"$3\times 2,\;(3,3)$",7.25,0.468505859375,0.99
"$3\times 2,\;(3,3)$",7.5,0.4615478515625,0.99
"$3\times 2,\;(3,3)$",7.75,0.45513916015625,0.99
"$3\times 2,\;(3,3)$",8.0,0.45001220703125,0.99
"$3\times 2,\;(3,3)$",8.25,0.49395751953125,0.99
"$3\times 2,\;(3,3)$",8.5,0.487548828125,0.99
"$3\times 2,\;(3,3)$",8.75,0.5135498046875,0.99
"$3\times 2,\;(3,3)$",9.0,0.5106201171875,0.99
"$3\times 2,\;(3,3)$",9.25,0.500732421875,0.99
"$3\times 2,\;(3,3)$",9.5,0.5003662109375,0.99
"$3\times 2,\;(3,3)$",9.75,0.499267578125,0.99
"$3\times 2,\;(3,3)$",10.0,0.499359130859375,0.99
"$3\times 2,\;(3,3)$",10.25,0.4996337890625,0.99
"$3\times 2,\;(3,3)$",10.5,0.49835205078125,0.99
"$3\times 2,\;(3,3)$",10.75,0.5,0.99
"$3\times 2,\;(3,3)$",11.0,0.50640869140625,0.99
"$3\times 2,\;(3,3)$",11.25,0.5,0.99
"$3\times 2,\;(3,3)$",11.5,0.49871826171875,0.99
"$3\times 2,\;(3,3)$",11.75,0.5076904296875,0.99
"$3\times 2,\;(3,3)$",12.0,0.50677490234375,0.99
"$3\times 2,\;(3,3)$",12.25,0.51702880859375,0.99
"$3\times 2,\;(3,3)$",12.5,0.52435302734375,0.99
"$3\times 2,\;(3,3)$",12.75,0.52252197265625,0.99
"$3\times 2,\;(3,3)$",13.0,0.5274658203125,0.99
"$3\times 2,\;(3,3)$",13.25,0.53057861328125,0.99
"$3\times 2,\;(3,3)$",13.5,0.52838134765625,0.99
"$3\times 2,\;(3,3)$",13.75,0.5347900390625,0.99
"$3\times 2,\;(3,3)$",14.0,0.533782958984375,0.99
"$3\times 2,\;(3,3)$",14.25,0.54266357421875,0.99
"$3\times 2,\;(3,3)$",14.5,0.5443115234375,0.99
"$3\times 2,\;(3,3)$",14.75,0.54229736328125,0.99
"$3\times 2,\;(3,3)$",15.0,0.5245361328125,0.99
"$3\times3,\;(3,2)$",0.5,1.775146484375,0.99
"$3\times3,\;(3,2)$",0.75,1.3580322265625,0.99
"$3\times3,\;(3,2)$",1.0,1.1302490234375,0.99
"$3\times3,\;(3,2)$",1.25,1.0390625,0.99
"$3\times3,\;(3,2)$",1.5,0.9775390625,0.99
"$3\times3,\;(3,2)$",1.75,0.9464111328125,0.99
"$3\times3,\;(3,2)$",2.0,0.916015625,0.99
"$3\times3,\;(3,2)$",2.25,0.88909912109375,0.99
"$3\times3,\;(3,2)$",2.5,0.880035400390625,0.99
"$3\times3,\;(3,2)$",2.75,0.86236572265625,0.99
"$3\times3,\;(3,2)$",3.0,0.84423828125,0.99
"$3\times3,\;(3,2)$",3.25,0.8372802734375,0.99
"$3\times3,\;(3,2)$",3.5,0.824005126953125,0.99
"$3\times3,\;(3,2)$",3.75,0.814300537109375,0.99
"$3\times3,\;(3,2)$",4.0,0.81219482421875,0.99
"$3\times3,\;(3,2)$",4.25,0.808990478515625,0.99
"$3\times3,\;(3,2)$",4.5,0.8028564453125,0.99
"$3\times3,\;(3,2)$",4.75,0.79296875,0.99
"$3\times3,\;(3,2)$",5.0,0.79974365234375,0.99
"$3\times3,\;(3,2)$",5.25,0.79608154296875,0.99
"$3\times3,\;(3,2)$",5.5,0.802947998046875,0.99
"$3\times3,\;(3,2)$",5.75,0.7984619140625,0.99
"$3\times3,\;(3,2)$",6.0,0.79095458984375,0.99
"$3\times3,\;(3,2)$",6.25,0.79205322265625,0.99
"$3\times3,\;(3,2)$",6.5,0.79351806640625,0.99
"$3\times3,\;(3,2)$",6.75,0.796722412109375,0.99
"$3\times3,\;(3,2)$",7.0,0.801025390625,0.99
"$3\times3,\;(3,2)$",7.25,0.8043212890625,0.99
"$3\times3,\;(3,2)$",7.5,0.797088623046875,0.99
"$3\times3,\;(3,2)$",7.75,0.795257568359375,0.99
"$3\times3,\;(3,2)$",8.0,0.79425048828125,0.99
"$3\times3,\;(3,2)$",8.25,0.790863037109375,0.99
"$3\times3,\;(3,2)$",8.5,0.788116455078125,0.99
"$3\times3,\;(3,2)$",8.75,0.7867431640625,0.99
"$3\times3,\;(3,2)$",9.0,0.782989501953125,0.99
"$3\times3,\;(3,2)$",9.25,0.78070068359375,0.99
"$3\times3,\;(3,2)$",9.5,0.776031494140625,0.99
"$3\times3,\;(3,2)$",9.75,0.77813720703125,0.99
"$3\times3,\;(3,2)$",10.0,0.782623291015625,0.99
"$3\times3,\;(3,2)$",10.25,0.77685546875,0.99
"$3\times3,\;(3,2)$",10.5,0.773193359375,0.99
"$3\times3,\;(3,2)$",10.75,0.77301025390625,0.99
"$3\times3,\;(3,2)$",11.0,0.772552490234375,0.99
"$3\times3,\;(3,2)$",11.25,0.77081298828125,0.99
"$3\times3,\;(3,2)$",11.5,0.767974853515625,0.99
"$3\times3,\;(3,2)$",11.75,0.76788330078125,0.99
"$3\times3,\;(3,2)$",12.0,0.770172119140625,0.99
"$3\times3,\;(3,2)$",12.25,0.773468017578125,0.99
"$3\times3,\;(3,2)$",12.5,0.769989013671875,0.99
"$3\times3,\;(3,2)$",12.75,0.77117919921875,0.99
"$3\times3,\;(3,2)$",13.0,0.7742919921875,0.99
"$3\times3,\;(3,2)$",13.25,0.7750244140625,0.99
"$3\times3,\;(3,2)$",13.5,0.774749755859375,0.99
"$3\times3,\;(3,2)$",13.75,0.775390625,0.99
"$3\times3,\;(3,2)$",14.0,0.775482177734375,0.99
"$3\times3,\;(3,2)$",14.25,0.77392578125,0.99
"$3\times3,\;(3,2)$",14.5,0.772918701171875,0.99
"$3\times3,\;(3,2)$",14.75,0.772003173828125,0.99
"$3\times3,\;(3,2)$",15.0,0.772735595703125,0.99
"$4\times2,\;(3,3)$",0.5,NaN,0.99
"$4\times2,\;(3,3)$",0.75,NaN,0.99
"$4\times2,\;(3,3)$",1.0,NaN,0.99
"$4\times2,\;(3,3)$",1.25,NaN,0.99
"$4\times2,\;(3,3)$",1.5,0.8394775390625,0.99
"$4\times2,\;(3,3)$",1.75,0.7838134765625,0.99
"$4\times2,\;(3,3)$",2.0,0.76239013671875,0.99
"$4\times2,\;(3,3)$",2.25,0.72064208984375,0.99
"$4\times2,\;(3,3)$",2.5,0.688690185546875,0.99
"$4\times2,\;(3,3)$",2.75,0.68658447265625,0.99
"$4\times2,\;(3,3)$",3.0,0.674041748046875,0.99
"$4\times2,\;(3,3)$",3.25,0.650054931640625,0.99
"$4\times2,\;(3,3)$",3.5,0.646392822265625,0.99
"$4\times2,\;(3,3)$",3.75,0.63641357421875,0.99
"$4\times2,\;(3,3)$",4.0,0.613616943359375,0.99
"$4\times2,\;(3,3)$",4.25,0.6065673828125,0.99
"$4\times2,\;(3,3)$",4.5,0.594207763671875,0.99
"$4\times2,\;(3,3)$",4.75,0.59649658203125,0.99
"$4\times2,\;(3,3)$",5.0,0.60601806640625,0.99
"$4\times2,\;(3,3)$",5.25,0.5963134765625,0.99
"$4\times2,\;(3,3)$",5.5,0.59100341796875,0.99
"$4\times2,\;(3,3)$",5.75,0.58843994140625,0.99
"$4\times2,\;(3,3)$",6.0,0.60528564453125,0.99
"$4\times2,\;(3,3)$",6.25,0.605560302734375,0.99
"$4\times2,\;(3,3)$",6.5,0.603546142578125,0.99
"$4\times2,\;(3,3)$",6.75,0.57891845703125,0.99
"$4\times2,\;(3,3)$",7.0,0.57159423828125,0.99
"$4\times2,\;(3,3)$",7.25,0.5714111328125,0.99
"$4\times2,\;(3,3)$",7.5,0.55621337890625,0.99
"$4\times2,\;(3,3)$",7.75,0.52764892578125,0.99
"$4\times2,\;(3,3)$",8.0,0.521240234375,0.99
"$4\times2,\;(3,3)$",8.25,0.51885986328125,0.99
"$4\times2,\;(3,3)$",8.5,0.5194091796875,0.99
"$4\times2,\;(3,3)$",8.75,0.519500732421875,0.99
"$4\times2,\;(3,3)$",9.0,0.521240234375,0.99
"$4\times2,\;(3,3)$",9.25,0.530487060546875,0.99
"$4\times2,\;(3,3)$",9.5,0.51409912109375,0.99
"$4\times2,\;(3,3)$",9.75,0.52142333984375,0.99
"$4\times2,\;(3,3)$",10.0,0.50970458984375,0.99
"$4\times2,\;(3,3)$",10.25,0.5128173828125,0.99
"$4\times2,\;(3,3)$",10.5,0.508514404296875,0.99
"$4\times2,\;(3,3)$",10.75,0.507415771484375,0.99
"$4\times2,\;(3,3)$",11.0,0.497161865234375,0.99
"$4\times2,\;(3,3)$",11.25,0.4912109375,0.99
"$4\times2,\;(3,3)$",11.5,0.497344970703125,0.99
"$4\times2,\;(3,3)$",11.75,0.48736572265625,0.99
"$4\times2,\;(3,3)$",12.0,0.49761962890625,0.99
"$4\times2,\;(3,3)$",12.25,0.49285888671875,0.99
"$4\times2,\;(3,3)$",12.5,0.50201416015625,0.99
"$4\times2,\;(3,3)$",12.75,0.5,0.99
"$4\times2,\;(3,3)$",13.0,0.4688720703125,0.99
"$4\times2,\;(3,3)$",13.25,0.4674072265625,0.99
"$4\times2,\;(3,3)$",13.5,0.46392822265625,0.99
"$4\times2,\;(3,3)$",13.75,0.48681640625,0.99
"$4\times2,\;(3,3)$",14.0,0.47637939453125,0.99
"$4\times2,\;(3,3)$",14.25,0.472900390625,0.99
"$4\times2,\;(3,3)$",14.5,0.47125244140625,0.99
"$4\times2,\;(3,3)$",14.75,0.461273193359375,0.99
"$4\times2,\;(3,3)$",15.0,0.47125244140625,0.99
"$3\times3,\;(3,3)$",0.5,1.715087890625,0.99
"$3\times3,\;(3,3)$",0.75,1.4404296875,0.99
"$3\times3,\;(3,3)$",1.0,1.10205078125,0.99
"$3\times3,\;(3,3)$",1.25,0.96728515625,0.99
"$3\times3,\;(3,3)$",1.5,0.892578125,0.99
"$3\times3,\;(3,3)$",1.75,0.817138671875,0.99
"$3\times3,\;(3,3)$",2.0,0.7607421875,0.99
"$3\times3,\;(3,3)$",2.25,0.7215576171875,0.99
"$3\times3,\;(3,3)$",2.5,0.68310546875,0.99
"$3\times3,\;(3,3)$",2.75,0.6658935546875,0.99
"$3\times3,\;(3,3)$",3.0,0.6380615234375,0.99
"$3\times3,\;(3,3)$",3.25,0.64154052734375,0.99
"$3\times3,\;(3,3)$",3.5,0.625244140625,0.99
"$3\times3,\;(3,3)$",3.75,0.62066650390625,0.99
"$3\times3,\;(3,3)$",4.0,0.6160888671875,0.99
"$3\times3,\;(3,3)$",4.25,0.6072998046875,0.99
"$3\times3,\;(3,3)$",4.5,0.59100341796875,0.99
"$3\times3,\;(3,3)$",4.75,0.59027099609375,0.99
"$3\times3,\;(3,3)$",5.0,0.57928466796875,0.99
"$3\times3,\;(3,3)$",5.25,0.57891845703125,0.99
"$3\times3,\;(3,3)$",5.5,0.5721435546875,0.99
"$3\times3,\;(3,3)$",5.75,0.57086181640625,0.99
"$3\times3,\;(3,3)$",6.0,0.55914306640625,0.99
"$3\times3,\;(3,3)$",6.25,0.560791015625,0.99
"$3\times3,\;(3,3)$",6.5,0.552001953125,0.99
"$3\times3,\;(3,3)$",6.75,0.5435791015625,0.99
"$3\times3,\;(3,3)$",7.0,0.54541015625,0.99
"$3\times3,\;(3,3)$",7.25,0.544677734375,0.99
"$3\times3,\;(3,3)$",7.5,0.54559326171875,0.99
"$3\times3,\;(3,3)$",7.75,0.55126953125,0.99
"$3\times3,\;(3,3)$",8.0,0.54412841796875,0.99
"$3\times3,\;(3,3)$",8.25,0.54248046875,0.99
"$3\times3,\;(3,3)$",8.5,0.54486083984375,0.99
"$3\times3,\;(3,3)$",8.75,0.54156494140625,0.99
"$3\times3,\;(3,3)$",9.0,0.54412841796875,0.99
"$3\times3,\;(3,3)$",9.25,0.538818359375,0.99
"$3\times3,\;(3,3)$",9.5,0.54083251953125,0.99
"$3\times3,\;(3,3)$",9.75,0.52398681640625,0.99
"$3\times3,\;(3,3)$",10.0,0.51373291015625,0.99
"$3\times3,\;(3,3)$",10.25,0.51812744140625,0.99
"$3\times3,\;(3,3)$",10.5,0.518402099609375,0.99
"$3\times3,\;(3,3)$",10.75,0.535430908203125,0.99
"$3\times3,\;(3,3)$",11.0,0.5146484375,0.99
"$3\times3,\;(3,3)$",11.25,0.52508544921875,0.99
"$3\times3,\;(3,3)$",11.5,0.516021728515625,0.99
"$3\times3,\;(3,3)$",11.75,0.507781982421875,0.99
"$3\times3,\;(3,3)$",12.0,0.522705078125,0.99
"$3\times3,\;(3,3)$",12.25,0.5120849609375,0.99
"$3\times3,\;(3,3)$",12.5,0.5069580078125,0.99
"$3\times3,\;(3,3)$",12.75,0.50897216796875,0.99
"$3\times3,\;(3,3)$",13.0,0.50787353515625,0.99
"$3\times3,\;(3,3)$",13.25,0.50604248046875,0.99
"$3\times3,\;(3,3)$",13.5,0.50311279296875,0.99
"$3\times3,\;(3,3)$",13.75,0.50860595703125,0.99
"$3\times3,\;(3,3)$",14.0,0.51116943359375,0.99
"$3\times3,\;(3,3)$",14.25,0.5087890625,0.99
"$3\times3,\;(3,3)$",14.5,0.4981689453125,0.99
"$3\times3,\;(3,3)$",14.75,0.50732421875,0.99
"$3\times3,\;(3,3)$",15.0,0.499267578125,0.99
"$3\times3,\;(4,3)$",0.5,1.6044921875,0.99
"$3\times3,\;(4,3)$",0.75,1.1207275390625,0.99
"$3\times3,\;(4,3)$",1.0,0.9603271484375,0.99
"$3\times3,\;(4,3)$",1.25,0.8621826171875,0.99
"$3\times3,\;(4,3)$",1.5,0.7947998046875,0.99
"$3\times3,\;(4,3)$",1.75,0.743896484375,0.99
"$3\times3,\;(4,3)$",2.0,0.7054443359375,0.99
"$3\times3,\;(4,3)$",2.25,0.66790771484375,0.99
"$3\times3,\;(4,3)$",2.5,0.6322021484375,0.99
"$3\times3,\;(4,3)$",2.75,0.597412109375,0.99
"$3\times3,\;(4,3)$",3.0,0.56646728515625,0.99
"$3\times3,\;(4,3)$",3.25,0.550537109375,0.99
"$3\times3,\;(4,3)$",3.5,0.52545166015625,0.99
"$3\times3,\;(4,3)$",3.75,0.50750732421875,0.99
"$3\times3,\;(4,3)$",4.0,0.496337890625,0.99
"$3\times3,\;(4,3)$",4.25,0.48883056640625,0.99
"$3\times3,\;(4,3)$",4.5,0.481597900390625,0.99
"$3\times3,\;(4,3)$",4.75,0.4761962890625,0.99
"$3\times3,\;(4,3)$",5.0,0.46832275390625,0.99
"$3\times3,\;(4,3)$",5.25,0.46466064453125,0.99
"$3\times3,\;(4,3)$",5.5,0.442596435546875,0.99
"$3\times3,\;(4,3)$",5.75,0.44232177734375,0.99
"$3\times3,\;(4,3)$",6.0,0.437652587890625,0.99
"$3\times3,\;(4,3)$",6.25,0.4326171875,0.99
"$3\times3,\;(4,3)$",6.5,0.428955078125,0.99
"$3\times3,\;(4,3)$",6.75,0.423828125,0.99
"$3\times3,\;(4,3)$",7.0,0.421539306640625,0.99
"$3\times3,\;(4,3)$",7.25,0.41778564453125,0.99
"$3\times3,\;(4,3)$",7.5,0.416412353515625,0.99
"$3\times3,\;(4,3)$",7.75,0.406524658203125,0.99
"$3\times3,\;(4,3)$",8.0,0.401123046875,0.99
"$3\times3,\;(4,3)$",8.25,0.40240478515625,0.99
"$3\times3,\;(4,3)$",8.5,0.3978271484375,0.99
"$3\times3,\;(4,3)$",8.75,0.394989013671875,0.99
"$3\times3,\;(4,3)$",9.0,0.394439697265625,0.99
"$3\times3,\;(4,3)$",9.25,0.391510009765625,0.99
"$3\times3,\;(4,3)$",9.5,0.387664794921875,0.99
"$3\times3,\;(4,3)$",9.75,0.389495849609375,0.99
"$3\times3,\;(4,3)$",10.0,0.39013671875,0.99
"$3\times3,\;(4,3)$",10.25,0.389129638671875,0.99
"$3\times3,\;(4,3)$",10.5,0.39251708984375,0.99
"$3\times3,\;(4,3)$",10.75,0.39581298828125,0.99
"$3\times3,\;(4,3)$",11.0,0.39324951171875,0.99
"$3\times3,\;(4,3)$",11.25,0.395263671875,0.99
"$3\times3,\;(4,3)$",11.5,0.40277099609375,0.99
"$3\times3,\;(4,3)$",11.75,0.40570068359375,0.99
"$3\times3,\;(4,3)$",12.0,0.398651123046875,0.99
"$3\times3,\;(4,3)$",12.25,0.39105224609375,0.99
"$3\times3,\;(4,3)$",12.5,0.39581298828125,0.99
"$3\times3,\;(4,3)$",12.75,0.39508056640625,0.99
"$3\times3,\;(4,3)$",13.0,0.39434814453125,0.99
"$3\times3,\;(4,3)$",13.25,0.379791259765625,0.99
"$3\times3,\;(4,3)$",13.5,0.37091064453125,0.99
"$3\times3,\;(4,3)$",13.75,0.371826171875,0.99
"$3\times3,\;(4,3)$",14.0,0.3721923828125,0.99
"$3\times3,\;(4,3)$",14.25,0.38043212890625,0.99
"$3\times3,\;(4,3)$",14.5,0.37933349609375,0.99
"$3\times3,\;(4,3)$",14.75,0.38446044921875,0.99
"$3\times3,\;(4,3)$",15.0,0.3802490234375,0.99
"$3\times3,\;(4,4)$",0.5,0.95611572265625,0.99
"$3\times3,\;(4,4)$",0.75,0.83636474609375,0.99
"$3\times3,\;(4,4)$",1.0,0.7340087890625,0.99
"$3\times3,\;(4,4)$",1.25,0.69464111328125,0.99
"$3\times3,\;(4,4)$",1.5,0.6607666015625,0.99
"$3\times3,\;(4,4)$",1.75,0.6365966796875,0.99
"$3\times3,\;(4,4)$",2.0,0.59100341796875,0.99
"$3\times3,\;(4,4)$",2.25,0.56427001953125,0.99
"$3\times3,\;(4,4)$",2.5,0.56298828125,0.99
"$3\times3,\;(4,4)$",2.75,0.54705810546875,0.99
"$3\times3,\;(4,4)$",3.0,0.531494140625,0.99
"$3\times3,\;(4,4)$",3.25,0.4857177734375,0.99
"$3\times3,\;(4,4)$",3.5,0.509521484375,0.99
"$3\times3,\;(4,4)$",3.75,0.47271728515625,0.99
"$3\times3,\;(4,4)$",4.0,0.45404052734375,0.99
"$3\times3,\;(4,4)$",4.25,0.4373779296875,0.99
"$3\times3,\;(4,4)$",4.5,0.435546875,0.99
"$3\times3,\;(4,4)$",4.75,0.42547607421875,0.99
"$3\times3,\;(4,4)$",5.0,0.42364501953125,0.99
"$3\times3,\;(4,4)$",5.25,0.41229248046875,0.99
"$3\times3,\;(4,4)$",5.5,0.399658203125,0.99
"$3\times3,\;(4,4)$",5.75,0.4000244140625,0.99
"$3\times3,\;(4,4)$",6.0,0.3978271484375,0.99
"$3\times3,\;(4,4)$",6.25,0.387939453125,0.99
"$3\times3,\;(4,4)$",6.5,0.373291015625,0.99
"$3\times3,\;(4,4)$",6.75,0.35498046875,0.99
"$3\times3,\;(4,4)$",7.0,0.324951171875,0.99
"$3\times3,\;(4,4)$",7.25,0.27294921875,0.99
"$3\times3,\;(4,4)$",7.5,0.13671875,0.99
"$3\times3,\;(4,4)$",7.75,NaN,0.99
"$3\times3,\;(4,4)$",8.0,NaN,0.99
"$3\times3,\;(4,4)$",8.25,NaN,0.99
"$3\times3,\;(4,4)$",8.5,NaN,0.99
"$3\times3,\;(4,4)$",8.75,NaN,0.99
"$3\times3,\;(4,4)$",9.0,NaN,0.99
"$3\times3,\;(4,4)$",9.25,NaN,0.99
"$3\times3,\;(4,4)$",9.5,NaN,0.99
"$3\times3,\;(4,4)$",9.75,NaN,0.99
"$3\times3,\;(4,4)$",10.0,NaN,0.99
"$3\times3,\;(4,4)$",10.25,NaN,0.99
"$3\times3,\;(4,4)$",10.5,NaN,0.99
"$3\times3,\;(4,4)$",10.75,NaN,0.99
"$3\times3,\;(4,4)$",11.0,NaN,0.99
"$3\times3,\;(4,4)$",11.25,NaN,0.99
"$3\times3,\;(4,4)$",11.5,NaN,0.99
"$3\times3,\;(4,4)$",11.75,NaN,0.99
"$3\times3,\;(4,4)$",12.0,NaN,0.99
"$3\times3,\;(4,4)$",12.25,NaN,0.99
"$3\times3,\;(4,4)$",12.5,NaN,0.99
"$3\times3,\;(4,4)$",12.75,NaN,0.99
"$3\times3,\;(4,4)$",13.0,NaN,0.99
"$3\times3,\;(4,4)$",13.25,NaN,0.99
"$3\times3,\;(4,4)$",13.5,NaN,0.99
"$3\times3,\;(4,4)$",13.75,NaN,0.99
"$3\times3,\;(4,4)$",14.0,NaN,0.99
"$3\times3,\;(4,4)$",14.25,NaN,0.99
"$3\times3,\;(4,4)$",14.5,NaN,0.99
"$3\times3,\;(4,4)$",14.75,NaN,0.99
"$3\times3,\;(4,4)$",15.0,NaN,0.99
"$3\times3,\;(5,4)$",0.5,NaN,0.99
"$3\times3,\;(5,4)$",0.75,NaN,0.99
"$3\times3,\;(5,4)$",1.0,0.808349609375,0.99
"$3\times3,\;(5,4)$",1.25,0.6102294921875,0.99
"$3\times3,\;(5,4)$",1.5,0.5252685546875,0.99
"$3\times3,\;(5,4)$",1.75,0.47802734375,0.99
"$3\times3,\;(5,4)$",2.0,0.45166015625,0.99
"$3\times3,\;(5,4)$",2.25,0.43408203125,0.99
"$3\times3,\;(5,4)$",2.5,0.436279296875,0.99
"$3\times3,\;(5,4)$",2.75,0.432342529296875,0.99
"$3\times3,\;(5,4)$",3.0,0.43096923828125,0.99
"$3\times3,\;(5,4)$",3.25,0.4241943359375,0.99
"$3\times3,\;(5,4)$",3.5,0.4208984375,0.99
"$3\times3,\;(5,4)$",3.75,0.41668701171875,0.99
"$3\times3,\;(5,4)$",4.0,0.418701171875,0.99
"$3\times3,\;(5,4)$",4.25,0.42144775390625,0.99
"$3\times3,\;(5,4)$",4.5,0.41925048828125,0.99
"$3\times3,\;(5,4)$",4.75,0.417236328125,0.99
"$3\times3,\;(5,4)$",5.0,0.403228759765625,0.99
"$3\times3,\;(5,4)$",5.25,0.3963623046875,0.99
"$3\times3,\;(5,4)$",5.5,0.39178466796875,0.99
"$3\times3,\;(5,4)$",5.75,0.38006591796875,0.99
"$3\times3,\;(5,4)$",6.0,0.37127685546875,0.99
"$3\times3,\;(5,4)$",6.25,0.353515625,0.99
"$3\times3,\;(5,4)$",6.5,0.34033203125,0.99
"$3\times3,\;(5,4)$",6.75,0.3253173828125,0.99
"$3\times3,\;(5,4)$",7.0,0.29345703125,0.99
"$3\times3,\;(5,4)$",7.25,0.23779296875,0.99
"$3\times3,\;(5,4)$",7.5,0.1015625,0.99
"$3\times3,\;(5,4)$",7.75,NaN,0.99
"$3\times3,\;(5,4)$",8.0,NaN,0.99
"$3\times3,\;(5,4)$",8.25,NaN,0.99
"$3\times3,\;(5,4)$",8.5,NaN,0.99
"$3\times3,\;(5,4)$",8.75,NaN,0.99
"$3\times3,\;(5,4)$",9.0,NaN,0.99
"$3\times3,\;(5,4)$",9.25,NaN,0.99
"$3\times3,\;(5,4)$",9.5,NaN,0.99
"$3\times3,\;(5,4)$",9.75,NaN,0.99
"$3\times3,\;(5,4)$",10.0,NaN,0.99
"$3\times3,\;(5,4)$",10.25,NaN,0.99
"$3\times3,\;(5,4)$",10.5,NaN,0.99
"$3\times3,\;(5,4)$",10.75,NaN,0.99
"$3\times3,\;(5,4)$",11.0,NaN,0.99
"$3\times3,\;(5,4)$",11.25,NaN,0.99
"$3\times3,\;(5,4)$",11.5,NaN,0.99
"$3\times3,\;(5,4)$",11.75,NaN,0.99
"$3\times3,\;(5,4)$",12.0,NaN,0.99
"$3\times3,\;(5,4)$",12.25,NaN,0.99
"$3\times3,\;(5,4)$",12.5,NaN,0.99
"$3\times3,\;(5,4)$",12.75,NaN,0.99
"$3\times3,\;(5,4)$",13.0,NaN,0.99
"$3\times3,\;(5,4)$",13.25,NaN,0.99
"$3\times3,\;(5,4)$",13.5,NaN,0.99
"$3\times3,\;(5,4)$",13.75,NaN,0.99
"$3\times3,\;(5,4)$",14.0,NaN,0.99
"$3\times3,\;(5,4)$",14.25,NaN,0.99
"$3\times3,\;(5,4)$",14.5,NaN,0.99
"$3\times3,\;(5,4)$",14.75,NaN,0.99
"$3\times3,\;(5,4)$",15.0,NaN,0.99
"$4\times3,\;(5,4)$",0.5,NaN,0.99
"$4\times3,\;(5,4)$",0.75,NaN,0.99
"$4\times3,\;(5,4)$",1.0,0.861083984375,0.99
"$4\times3,\;(5,4)$",1.25,0.726318359375,0.99
"$4\times3,\;(5,4)$",1.5,0.6673583984375,0.99
"$4\times3,\;(5,4)$",1.75,0.6241455078125,0.99
"$4\times3,\;(5,4)$",2.0,0.58404541015625,0.99
"$4\times3,\;(5,4)$",2.25,0.55731201171875,0.99
"$4\times3,\;(5,4)$",2.5,0.542938232421875,0.99
"$4\times3,\;(5,4)$",2.75,0.51885986328125,0.99
"$4\times3,\;(5,4)$",3.0,0.505859375,0.99
"$4\times3,\;(5,4)$",3.25,0.48681640625,0.99
"$4\times3,\;(5,4)$",3.5,0.462005615234375,0.99
"$4\times3,\;(5,4)$",3.75,0.46630859375,0.99
"$4\times3,\;(5,4)$",4.0,0.45294189453125,0.99
"$4\times3,\;(5,4)$",4.25,0.440582275390625,0.99
"$4\times3,\;(5,4)$",4.5,0.42620849609375,0.99
"$4\times3,\;(5,4)$",4.75,0.42181396484375,0.99
"$4\times3,\;(5,4)$",5.0,0.4161376953125,0.99
"$4\times3,\;(5,4)$",5.25,0.410186767578125,0.99
"$4\times3,\;(5,4)$",5.5,0.4036865234375,0.99
"$4\times3,\;(5,4)$",5.75,0.407257080078125,0.99
"$4\times3,\;(5,4)$",6.0,0.39874267578125,0.99
"$4\times3,\;(5,4)$",6.25,0.389678955078125,0.99
"$4\times3,\;(5,4)$",6.5,0.386566162109375,0.99
"$4\times3,\;(5,4)$",6.75,0.387115478515625,0.99
"$4\times3,\;(5,4)$",7.0,0.389404296875,0.99
"$4\times3,\;(5,4)$",7.25,0.3956298828125,0.99
"$4\times3,\;(5,4)$",7.5,0.39013671875,0.99
"$4\times3,\;(5,4)$",7.75,0.37896728515625,0.99
"$4\times3,\;(5,4)$",8.0,0.373199462890625,0.99
"$4\times3,\;(5,4)$",8.25,0.374847412109375,0.99
"$4\times3,\;(5,4)$",8.5,0.372833251953125,0.99
"$4\times3,\;(5,4)$",8.75,0.37493896484375,0.99
"$4\times3,\;(5,4)$",9.0,0.36761474609375,0.99
"$4\times3,\;(5,4)$",9.25,0.37091064453125,0.99
"$4\times3,\;(5,4)$",9.5,0.371826171875,0.99
"$4\times3,\;(5,4)$",9.75,0.36981201171875,0.99
"$4\times3,\;(5,4)$",10.0,0.36962890625,0.99
"$4\times3,\;(5,4)$",10.25,0.3623046875,0.99
"$4\times3,\;(5,4)$",10.5,0.36505126953125,0.99
"$4\times3,\;(5,4)$",10.75,0.361297607421875,0.99
"$4\times3,\;(5,4)$",11.0,0.354522705078125,0.99
"$4\times3,\;(5,4)$",11.25,0.36212158203125,0.99
"$4\times3,\;(5,4)$",11.5,0.35736083984375,0.99
"$4\times3,\;(5,4)$",11.75,0.36029052734375,0.99
"$4\times3,\;(5,4)$",12.0,0.35699462890625,0.99
"$4\times3,\;(5,4)$",12.25,0.36029052734375,0.99
"$4\times3,\;(5,4)$",12.5,0.35845947265625,0.99
"$4\times3,\;(5,4)$",12.75,0.354248046875,0.99
"$4\times3,\;(5,4)$",13.0,0.3546142578125,0.99
"$4\times3,\;(5,4)$",13.25,0.3377685546875,0.99
"$4\times3,\;(5,4)$",13.5,0.3392333984375,0.99
"$4\times3,\;(5,4)$",13.75,0.33575439453125,0.99
"$4\times3,\;(5,4)$",14.0,0.33154296875,0.99
"$4\times3,\;(5,4)$",14.25,0.3348388671875,0.99
"$4\times3,\;(5,4)$",14.5,0.33172607421875,0.99
"$4\times3,\;(5,4)$",14.75,0.330810546875,0.99
"$4\times3,\;(5,4)$",15.0,0.330078125,0.99
