system,lattice,Lx,Ly,n_sites,n_up,n_dn,n_electrons,filling,Sz,n_momentum_sectors,n_degenerate_gs_sectors,degenerate_gs_momentum_sectors,momentum_sector_used,hilbert_dim_sector_used,hilbert_dim_full_nu_nd,notes
"N=(2, 2)_3x2",3x2,3,2,6,2,2,4,0.6667,0,6,1,"(0,0)","(0,0)",39,225,
"N=(3, 2)_3x2",3x2,3,2,6,3,2,5,0.8333,1/2,6,2,"(1,0);(2,0)","(1,0)",50,300,
"N=(3, 3)_3x2",3x2,3,2,6,3,3,6,1.0,0,6,1,"(0,0)","(0,0)",68,400,
"N=(3, 3)_4x2",4x2,4,2,8,3,3,6,0.75,0,8,1,"(0,0)","(0,0)",392,3136,
"N=(3, 2)_3x3",3x3,3,3,9,3,2,5,0.5556,1/2,9,4,"(0,1);(0,2);(1,0);(2,0)","(0,1)",336,3024,
"N=(3, 3)_3x3",3x3,3,3,9,3,3,6,0.6667,0,9,1,"(0,0)","(0,0)",792,7056,
"N=(4, 3)_3x3",3x3,3,3,9,4,3,7,0.7778,1/2,9,4,"(0,1);(0,2);(1,0);(2,0)","(0,1)",1176,10584,
"N=(4, 4)_3x3",3x3,3,3,9,4,4,8,0.8889,0,9,1,"(0,0)","(0,0)",1764,15876,
"N=(5, 4)_3x3",3x3,3,3,9,5,4,9,1.0,1/2,9,4,"(0,1);(0,2);(1,0);(2,0)","(0,1)",1764,15876,
"N=(4, 4)_4x3",4x3,4,3,12,4,4,8,0.6667,0,12,1,"(0,0)","(0,0)",20439,245025,
"N=(5, 4)_4x3",4x3,4,3,12,5,4,9,0.75,1/2,12,2,"(0,1);(0,2)","(0,1)",32670,392040,
"N=(4, 4)_4x4",4x4,4,4,16,4,4,8,0.5,0,16,3,"(0,0);(0,2);(2,0)","(0,0)",207184,3312400,"degenerate sectors differ in dimension: (0,2);(2,0): 207168; (0,0): 207184"
"N=(5, 4)_4x4",4x4,4,4,16,5,4,9,0.5625,1/2,16,4,"(0,1);(0,3);(1,0);(3,0)","(0,1)",496860,7949760,
"N=(6, 6)_4x4",4x4,4,4,16,6,6,12,0.75,0,16,3,"(0,0);(0,2);(2,0)","(0,0)",4008592,64128064,"ground-state manifold changes with U -- U in [0.25,4.75]: (0,0);(0,2);(2,0); U in [5.0,15.0]: (0,0);(2,2)"
